Name,Short description,Last price,New price,Image name
Apple iPhone 15 Pro Max 512 ГБ Синий Титан,"6.7"" | 48 Мп | 8 ГБ | Single SIM",38 999 лей,37 499 лей,darwin-apple-iphone-15-pro-max-512-gb-blue-titanium-314213.jpg
Apple iPhone 15 Pro Max 256 ГБ Натуральный Титан,"6.7"" | 48 Мп | 8 ГБ | Single SIM",33 999 лей,32 399 лей,darwin-apple-iphone-15-pro-max-256-gb-natural-titanium-314232.jpg
Apple iPhone 15 Pro Max 256 ГБ Синий Титан,"6.7"" | 48 Мп | 8 ГБ | Single SIM",33 999 лей,32 399 лей,darwin-apple-iphone-15-pro-max-256-gb-blue-titanium-314236.jpg
Apple iPhone 15 Pro Max 256 ГБ Черный Титан,"6.7"" | 48 Мп | 8 ГБ | Single SIM",33 999 лей,32 399 лей,darwin-apple-iphone-15-pro-max-256-gb-black-titanium-314241.jpg
Apple iPhone 15 Pro Max 1 ТБ Белый Титан,"6.7"" | 48 Мп | 8 ГБ | Single SIM",None,42 499 лей,darwin-apple-iphone-15-pro-max-1-tb-white-titanium-314246.jpg
Apple iPhone 15 Pro Max 1 ТБ Синий Титан,"6.7"" | 48 Мп | 8 ГБ | Single SIM",43 999 лей,42 499 лей,darwin-apple-iphone-15-pro-max-1-tb-blue-titanium-314256.jpg
Apple iPhone 15 Plus 256 ГБ Желтый,"6.7"" | 48 Мп | 6 ГБ | Single SIM",None,26 499 лей,darwin-apple-iphone-15-plus-256-gb-yellow-314322.jpg
Apple iPhone 15 Plus 256 ГБ Зелёный,"6.7"" | 48 Мп | 6 ГБ | Single SIM",None,26 499 лей,darwin-apple-iphone-15-plus-256-gb-green-314342.jpg
Apple iPhone 15 Plus 256 ГБ Черный,"6.7"" | 48 Мп | 6 ГБ | Single SIM",None,26 499 лей,darwin-apple-iphone-15-plus-256-gb-black-314354.jpg
Apple iPhone 15 Pro 1 ТБ Синий Титан,"6.1"" | 48 Мп | 8 ГБ | Single SIM",None,39 499 лей,darwin-apple-iphone-15-pro-1-tb-titanium-blue-314619.jpg
Apple iPhone 15 Pro 1 ТБ Белый Титан,"6.1"" | 48 Мп | 8 ГБ | Single SIM",None,39 499 лей,darwin-apple-iphone-15-pro-1-tb-titanium-white-314606.jpg
Apple iPhone 15 Pro 128 ГБ Черный Титан,"6.1"" | 48 Мп | 8 ГБ | Single SIM",27 999 лей,26 999 лей,darwin-apple-iphone-15-pro-128-gb-titanium-black-314600.jpg
Apple iPhone 15 Pro 128 ГБ Синий Титан,"6.1"" | 48 Мп | 8 ГБ | Single SIM",27 999 лей,26 999 лей,darwin-apple-iphone-15-pro-128-gb-titanium-blue-314595.jpg
Apple iPhone 15 Pro 128 ГБ Натуральный Титан,"6.1"" | 48 Мп | 8 ГБ | Single SIM",27 999 лей,26 999 лей,darwin-apple-iphone-15-pro-128-gb-titanium-natural-314590.jpg
Apple iPhone 15 Pro 128 ГБ Белый Титан,"6.1"" | 48 Мп | 8 ГБ | Single SIM",27 999 лей,26 999 лей,darwin-apple-iphone-15-pro-128-gb-titanium-white-314583.jpg
Apple iPhone 15 Pro 256 ГБ Черный Титан,"6.1"" | 48 Мп | 8 ГБ | Single SIM",30 699 лей,29 499 лей,darwin-apple-iphone-15-pro-256-gb-titanium-black-314578.jpg
Apple iPhone 15 Pro 256 ГБ Синий Титан,"6.1"" | 48 Мп | 8 ГБ | Single SIM",30 699 лей,29 499 лей,darwin-apple-iphone-15-pro-256-gb-titanium-blue-314573.jpg
Apple iPhone 15 Pro 256 ГБ Натуральный Титан,"6.1"" | 48 Мп | 8 ГБ | Single SIM",30 699 лей,29 499 лей,darwin-apple-iphone-15-pro-256-gb-titanium-natural-314568.jpg
Apple iPhone 15 Pro 256 ГБ Белый Титан,"6.1"" | 48 Мп | 8 ГБ | Single SIM",30 699 лей,29 499 лей,darwin-apple-iphone-15-pro-256-gb-titanium-white-314563.jpg
Apple iPhone 15 Pro 512 ГБ Черный Титан,"6.1"" | 48 Мп | 8 ГБ | Single SIM",34 999 лей,34 499 лей,darwin-apple-iphone-15-pro-512-gb-titanium-black-314558.jpg
Apple iPhone 15 Pro 512 ГБ Синий Титан,"6.1"" | 48 Мп | 8 ГБ | Single SIM",34 999 лей,34 499 лей,darwin-apple-iphone-15-pro-512-gb-titanium-blue-314553.jpg
Apple iPhone 15 Pro 512 ГБ Натуральный Титан,"6.1"" | 48 Мп | 8 ГБ | Single SIM",34 999 лей,34 499 лей,darwin-apple-iphone-15-pro-512-gb-titanium-natural-314550.jpg
Apple iPhone 15 Pro 1 ТБ Черный Титан,"6.1"" | 48 Мп | 8 ГБ | Single SIM",None,39 499 лей,darwin-apple-iphone-15-pro-1-tb-titanium-black-314543.jpg
Apple iPhone 15 Plus 128 ГБ Желтый,"6.7"" | 48 Мп | 6 ГБ | Single SIM",None,23 999 лей,darwin-apple-iphone-15-plus-128-gb-yellow-314360.jpg
Apple iPhone 15 Plus 128 ГБ Розовый,"6.7"" | 48 Мп | 6 ГБ | Single SIM",None,23 999 лей,darwin-apple-iphone-15-plus-128-gb-pink-314365.jpg
Apple iPhone 15 Plus 128 ГБ Зелёный,"6.7"" | 48 Мп | 6 ГБ | Single SIM",None,23 999 лей,darwin-apple-iphone-15-plus-128-gb-green-314370.jpg
Apple iPhone 15 Plus 128 ГБ Синий,"6.7"" | 48 Мп | 6 ГБ | Single SIM",None,23 999 лей,darwin-apple-iphone-15-plus-128-gb-blue-314374.jpg
Apple iPhone 15 Plus 128 ГБ Черный,"6.7"" | 48 Мп | 6 ГБ | Single SIM",None,23 999 лей,darwin-apple-iphone-15-plus-128-gb-black-314290.jpg
Apple iPhone 15 512 ГБ Розовый,"6.1"" | 48 Мп | 6 ГБ | Single SIM",None,28 999 лей,darwin-apple-iphone-15-512-gb-pink-314398.jpg
Apple iPhone 15 256 ГБ Розовый,"6.1"" | 48 Мп | 6 ГБ | Single SIM",None,23 999 лей,darwin-apple-iphone-15-256-gb-pink-314433.jpg
Apple iPhone 15 256 ГБ Зелёный,"6.1"" | 48 Мп | 6 ГБ | Single SIM",None,23 999 лей,darwin-apple-iphone-15-256-gb-green-314438.jpg
Apple iPhone 15 256 ГБ Синий,"6.1"" | 48 Мп | 6 ГБ | Single SIM",None,23 999 лей,darwin-apple-iphone-15-256-gb-blue-314443.jpg
Apple iPhone 15 256 ГБ Черный,"6.1"" | 48 Мп | 6 ГБ | Single SIM",None,23 999 лей,darwin-apple-iphone-15-256-gb-black-314448.jpg
Apple iPhone 15 128 ГБ Желтый,"6.1"" | 48 Мп | 6 ГБ | Single SIM",None,20 999 лей,darwin-apple-iphone-15-128-gb-yellow-314454.jpg
Apple iPhone 15 128 ГБ Розовый,"6.1"" | 48 Мп | 6 ГБ | Single SIM",None,20 999 лей,darwin-apple-iphone-15-128-gb-pink-314458.jpg
Apple iPhone 15 128 ГБ Зелёный,"6.1"" | 48 Мп | 6 ГБ | Single SIM",None,20 999 лей,darwin-apple-iphone-15-128-gb-green-314463.jpg
Apple iPhone 15 128 ГБ Синий,"6.1"" | 48 Мп | 6 ГБ | Single SIM",None,20 999 лей,darwin-apple-iphone-15-128-gb-blue-314468.jpg
Apple iPhone 15 128 ГБ Черный,"6.1"" | 48 Мп | 6 ГБ | Single SIM",None,20 999 лей,darwin-apple-iphone-15-128-gb-black-314388.jpg
Apple iPhone 15 Pro Max 512 ГБ Белый Титан,"6.7"" | 48 Мп | 8 ГБ | Dual SIM",None,42 599 лей,darwin-apple-iphone-15-pro-max-5g-512-gb-titanium-white-313299.jpg
Apple iPhone 15 Pro Max 512 ГБ Синий Титан,"6.7"" | 48 Мп | 8 ГБ | Dual SIM",None,42 599 лей,darwin-apple-iphone-15-pro-max-5g-512-gb-titanium-blue-313289.jpg
Apple iPhone 15 Pro Max 256 ГБ Белый Титан,"6.7"" | 48 Мп | 8 ГБ | Dual SIM",None,37 999 лей,darwin-apple-iphone-15-pro-max-5g-256-gb-titanium-white-313279.jpg
Apple iPhone 15 Pro Max 256 ГБ Натуральный Титан,"6.7"" | 48 Мп | 8 ГБ | Dual SIM",None,37 999 лей,darwin-apple-iphone-15-pro-max-5g-256-gb-titanium-natural-313274.jpg
Apple iPhone 15 Pro Max 256 ГБ Синий Титан,"6.7"" | 48 Мп | 8 ГБ | Dual SIM",None,37 999 лей,darwin-apple-iphone-15-pro-max-5g-256-gb-titanium-blue-313269.jpg
Apple iPhone 15 Pro Max 1 ТБ Натуральный Титан,"6.7"" | 48 Мп | 8 ГБ | Dual SIM",None,48 599 лей,darwin-apple-iphone-15-pro-max-5g-1-tb-titanium-natural-313259.jpg
Apple iPhone 15 Pro Max 1 ТБ Синий Титан,"6.7"" | 48 Мп | 8 ГБ | Dual SIM",None,48 599 лей,darwin-apple-iphone-15-pro-max-5g-1-tb-titanium-blue-313254.jpg
Apple iPhone 15 Pro Max 1 ТБ Черный Титан,"6.7"" | 48 Мп | 8 ГБ | Dual SIM",None,48 599 лей,darwin-apple-iphone-15-pro-max-5g-1-tb-titanium-black-313249.jpg
Apple iPhone 15 Pro 1 ТБ Черный Титан,"6.1"" | 48 Мп | 8 ГБ | Dual SIM",None,39 499 лей,darwin-apple-iphone-15-pro-5g-1-tb-titanium-black-313237.jpg
Apple iPhone 15 Pro 512 ГБ Черный Титан,"6.1"" | 48 Мп | 8 ГБ | Dual SIM",None,36 999 лей,darwin-apple-iphone-15-pro-5g-512-gb-titanium-black-313232.jpg
Apple iPhone 15 Pro 256 ГБ Черный Титан,"6.1"" | 48 Мп | 8 ГБ | Dual SIM",None,31 999 лей,darwin-apple-iphone-15-pro-5g-256-gb-titanium-black-313227.jpg
Apple iPhone 15 Pro 128 ГБ Черный Титан,"6.1"" | 48 Мп | 8 ГБ | Dual SIM",None,29 499 лей,darwin-apple-iphone-15-pro-5g-128-gb-titanium-black-313222.jpg
Apple iPhone 15 Pro 1 ТБ Белый Титан,"6.1"" | 48 Мп | 8 ГБ | Dual SIM",None,39 499 лей,darwin-apple-iphone-15-pro-5g-1-tb-titanium-white-313217.jpg
Apple iPhone 15 Pro 256 ГБ Белый Титан,"6.1"" | 48 Мп | 8 ГБ | Dual SIM",None,31 999 лей,darwin-apple-iphone-15-pro-5g-256-gb-titanium-white-313207.jpg
Apple iPhone 15 Pro 128 ГБ Белый Титан,"6.1"" | 48 Мп | 8 ГБ | Dual SIM",None,29 499 лей,darwin-apple-iphone-15-pro-5g-128-gb-titanium-white-313202.jpg
Apple iPhone 15 Pro 1 ТБ Синий Титан,"6.1"" | 48 Мп | 8 ГБ | Dual SIM",None,39 499 лей,darwin-apple-iphone-15-pro-5g-1-tb-titanium-blue-313197.jpg
Apple iPhone 15 Pro 512 ГБ Синий Титан,"6.1"" | 48 Мп | 8 ГБ | Dual SIM",None,36 999 лей,darwin-apple-iphone-15-pro-5g-512-gb-titanium-blue-313192.jpg
Apple iPhone 15 Pro 256 ГБ Синий Титан,"6.1"" | 48 Мп | 8 ГБ | Dual SIM",None,31 999 лей,darwin-apple-iphone-15-pro-5g-256-gb-titanium-blue-313187.jpg
Apple iPhone 15 Pro 512 ГБ Натуральный Титан,"6.1"" | 48 Мп | 8 ГБ | Dual SIM",None,36 999 лей,darwin-apple-iphone-15-pro-5g-512-gb-titanium-natural-313174.jpg
Apple iPhone 15 Pro 256 ГБ Натуральный Титан,"6.1"" | 48 Мп | 8 ГБ | Dual SIM",None,31 999 лей,darwin-apple-iphone-15-pro-5g-256-gb-titanium-natural-313166.jpg
Apple iPhone 15 Pro 128 ГБ Натуральный Титан,"6.1"" | 48 Мп | 8 ГБ | Dual SIM",None,29 499 лей,darwin-apple-iphone-15-pro-5g-128-gb-titanium-natural-313161.jpg
Apple iPhone 15 Plus 128 ГБ Зелёный,"6.7"" | 48 Мп | 6 ГБ | Dual SIM",None,24 999 лей,darwin-apple-iphone-15-plus-5g-128-gb-green-313150.jpg
Apple iPhone 15 Plus 128 ГБ Синий,"6.7"" | 48 Мп | 6 ГБ | Dual SIM",None,24 999 лей,darwin-apple-iphone-15-plus-5g-128-gb-blue-313145.jpg
Apple iPhone 15 Plus 512 ГБ Желтый,"6.7"" | 48 Мп | 6 ГБ | Dual SIM",None,32 499 лей,darwin-apple-iphone-15-plus-5g-512-gb-yellow-313140.jpg
Apple iPhone 15 Plus 512 ГБ Розовый,"6.7"" | 48 Мп | 6 ГБ | Dual SIM",None,32 499 лей,darwin-apple-iphone-15-plus-5g-512-gb-pink-313132.jpg
Apple iPhone 15 Plus 512 ГБ Зелёный,"6.7"" | 48 Мп | 6 ГБ | Dual SIM",None,32 499 лей,darwin-apple-iphone-15-plus-5g-512-gb-green-313127.jpg
Apple iPhone 15 Plus 512 ГБ Синий,"6.7"" | 48 Мп | 6 ГБ | Dual SIM",None,32 499 лей,darwin-apple-iphone-15-plus-5g-512-gb-blue-313122.jpg
Apple iPhone 15 Plus 512 ГБ Черный,"6.7"" | 48 Мп | 6 ГБ | Dual SIM",None,32 499 лей,darwin-apple-iphone-15-plus-5g-512-gb-black-313117.jpg
Apple iPhone 15 Plus 256 ГБ Желтый,"6.7"" | 48 Мп | 6 ГБ | Dual SIM",None,27 499 лей,darwin-apple-iphone-15-plus-5g-256-gb-yellow-313112.jpg
Apple iPhone 15 Plus 256 ГБ Розовый,"6.7"" | 48 Мп | 6 ГБ | Dual SIM",None,27 499 лей,darwin-apple-iphone-15-plus-5g-256-gb-pink-313107.jpg
Apple iPhone 15 Plus 256 ГБ Зелёный,"6.7"" | 48 Мп | 6 ГБ | Dual SIM",None,27 499 лей,darwin-apple-iphone-15-plus-5g-256-gb-green-313098.jpg
Apple iPhone 15 Plus 256 ГБ Черный,"6.7"" | 48 Мп | 6 ГБ | Dual SIM",None,27 499 лей,darwin-apple-iphone-15-plus-5g-256-gb-black-313084.jpg
Apple iPhone 15 Plus 128 ГБ Желтый,"6.7"" | 48 Мп | 6 ГБ | Dual SIM",None,24 999 лей,darwin-apple-iphone-15-plus-5g-128-gb-yellow-313079.jpg
Apple iPhone 15 Plus 128 ГБ Розовый,"6.7"" | 48 Мп | 6 ГБ | Dual SIM",None,24 999 лей,darwin-apple-iphone-15-plus-5g-128-gb-pink-313074.jpg
Apple iPhone 15 256 ГБ Желтый,"6.1"" | 48 Мп | 6 ГБ | Dual SIM",None,24 999 лей,darwin-apple-iphone-15-5g-256-gb-yellow-313045.jpg
Apple iPhone 15 128 ГБ Синий,"6.1"" | 48 Мп | 6 ГБ | Dual SIM",None,21 999 лей,darwin-apple-iphone-15-5g-128-gb-blue-313032.jpg
Apple iPhone 15 128 ГБ Зелёный,"6.1"" | 48 Мп | 6 ГБ | Dual SIM",None,21 999 лей,darwin-apple-iphone-15-5g-128-gb-green-313027.jpg
Apple iPhone 15 128 ГБ Желтый,"6.1"" | 48 Мп | 6 ГБ | Dual SIM",None,21 999 лей,darwin-apple-iphone-15-5g-128-gb-yellow-313022.jpg
Apple iPhone 15 256 ГБ Синий,"6.1"" | 48 Мп | 6 ГБ | Dual SIM",None,24 999 лей,darwin-apple-iphone-15-5g-256-gb-blue-313017.jpg
Apple iPhone 15 256 ГБ Розовый,"6.1"" | 48 Мп | 6 ГБ | Dual SIM",None,24 999 лей,darwin-apple-iphone-15-5g-256-gb-pink-313011.jpg
Apple iPhone 15 256 ГБ Зелёный,"6.1"" | 48 Мп | | Dual SIM",None,24 999 лей,darwin-apple-iphone-15-5g-256-gb-green-313007.jpg
Apple iPhone 15 256 ГБ Черный,"6.1"" | 48 Мп | 6 ГБ | Dual SIM",None,24 999 лей,darwin-apple-iphone-15-5g-256-gb-black-312998.jpg
Apple iPhone 15 Pro 128 ГБ Синий Титан,"6.1"" | 48 Мп | 8 ГБ | Dual SIM",None,29 499 лей,darwin-apple-iphone-15-pro-5g-128-gb-titanium-blue-312989.jpg
Apple iPhone 15 Pro Max 256 ГБ Черный Титан,"6.7"" | 48 Мп | 8 ГБ | Dual SIM",None,37 999 лей,darwin-apple-iphone-15-pro-max-5g-256-gb-titanium-black-312975.jpg
Apple iPhone 15 512 ГБ Желтый,"6.1"" | 48 Мп | 6 ГБ | Dual SIM",None,29 999 лей,darwin-apple-iphone-15-5g-512-gb-yellow-312956.jpg
Apple iPhone 15 512 ГБ Розовый,"6.1"" | 48 Мп | 6 ГБ | Dual SIM",None,29 999 лей,darwin-apple-iphone-15-5g-512-gb-pink-312951.jpg
Apple iPhone 15 512 ГБ Зелёный,"6.1"" | 48 Мп | 6 ГБ | Dual SIM",None,29 999 лей,darwin-apple-iphone-15-5g-512-gb-green-312946.jpg
Apple iPhone 15 512 ГБ Синий,"6.1"" | 48 Мп | 6 ГБ | Dual SIM",None,29 999 лей,darwin-apple-iphone-15-5g-512-gb-blue-312941.jpg
Apple iPhone 15 512 ГБ Черный,"6.1"" | 48 Мп | 6 ГБ | Dual SIM",None,29 999 лей,darwin-apple-iphone-15-5g-512-gb-black-312932.jpg
Apple iPhone 15 128 ГБ Розовый,"6.1"" | 48 Мп | | Dual SIM",None,21 999 лей,darwin-apple-iphone-15-5g-128-gb-pink-312928.jpg
Apple iPhone 15 Plus 128 ГБ Черный,"6.7"" | 48 Мп | 6 ГБ | Dual SIM",None,24 999 лей,darwin-apple-iphone-15-plus-5g-128-gb-black-312922.jpg
Apple iPhone 15 128 ГБ Черный,"6.1"" | 48 Мп | 6 ГБ | Dual SIM",None,21 999 лей,darwin-apple-iphone-15-5g-128-gb-black-312917.jpg
Apple iPhone 14 Plus 512 ГБ Желтый,"6.7"" | 12 Мп | 6 ГБ | Single SIM",None,25 999 лей,darwin-apple-iphone-14-plus-6-gb-512-gb-yellow-214340.jpg
Apple iPhone 14 512 ГБ Желтый,"6.1"" | 12 Мп | 6 ГБ | Single SIM",None,23 499 лей,darwin-apple-iphone-14-6-gb-512-gb-yellow-214358.jpg
Apple iPhone 14 128 ГБ Желтый,"6.1"" | 12 Мп | 6 ГБ | Single SIM",17 999 лей,16 999 лей,darwin-apple-iphone-14-6-gb-128-gb-yellow-213475.jpg
Apple iPhone 14 Pro Max 512 ГБ Серебристый,"6.7"" | 48 Мп | 6 ГБ | Dual SIM",45 999 лей,44 999 лей,darwin-apple-iphone-14-pro-max-6-gb-512-gb-dual-sim-silver-039.jpg
Apple iPhone 14 Plus 256 ГБ Красный,"6.7"" | 12 Мп | 6 ГБ | Dual SIM",31 499 лей,29 499 лей,darwin-apple-iphone-14-plus-6-gb-256-gb-dual-sim-red-097.jpg
Apple iPhone 14 Plus 256 ГБ Midnight,"6.7"" | 12 Мп | 6 ГБ | Dual SIM",31 499 лей,29 499 лей,darwin-apple-iphone-14-plus-256-gb-midnight-151376.jpg
Apple iPhone 14 Plus 128 ГБ Красный,"6.7"" | 12 Мп | 6 ГБ | Dual SIM",28 499 лей,26 799 лей,darwin-apple-iphone-14-plus-6-gb-128-gb-dual-sim-red-06.jpg
Apple iPhone 14 Plus 128 ГБ Midnight,"6.7"" | 12 Мп | 6 ГБ | Dual SIM",28 499 лей,26 799 лей,darwin-apple-iphone-14-plus-6-gb-128-gb-dual-sim-midnight-04.jpg
Apple iPhone 14 Plus 256 ГБ Starlight,"6.7"" | 12 Мп | 6 ГБ | Dual SIM",31 499 лей,29 499 лей,darwin-apple-iphone-14-plus-6-gb-256-gb-dual-sim-starlight-062.jpg
Apple iPhone 14 Pro Max 512 ГБ Чёрный Космос Космос,"6.7"" | 48 Мп | 6 ГБ | Dual SIM",45 999 лей,44 999 лей,apple-iphone-14-pro-max-6-gb-512-gb-dual-sim-space-black-048.jpg
Apple iPhone 14 Pro Max 256 ГБ Серебристый,"6.7"" | 48 Мп | 6 ГБ | Dual SIM",39 999 лей,37 999 лей,darwin-apple-iphone-14-pro-max-6-gb-256-gb-dual-sim-silver-033.jpg
Apple iPhone 14 Pro Max 128 ГБ Золотой,"6.7"" | 48 Мп | 6 ГБ | Dual SIM",36 999 лей,35 499 лей,darwin-apple-iphone-14-pro-max-6-gb-128-gb-dual-sim-gold-015.jpg
Apple iPhone 14 256 ГБ Красный,"6.1"" | 12 Мп | 6 ГБ | Dual SIM",None,25 999 лей,darwin-apple-iphone-14-6-gb-256-gb-dual-sim-red-096.jpg
Apple iPhone 14 Pro Max 1 ТБ Тёмно фиолетовый Deep,"6.7"" | 48 Мп | 6 ГБ | Dual SIM",53 499 лей,49 999 лей,darwin-apple-iphone-14-pro-max-6-gb-1-tb-dual-sim-deep-purple-098.jpg
Apple iPhone 14 Pro Max 128 ГБ Чёрный Космос Космос,"6.7"" | 48 Мп | 6 ГБ | Dual SIM",36 999 лей,35 499 лей,apple-iphone-14-pro-max-6-gb-128-gb-dual-sim-space-black-081.jpg
Apple iPhone 14 Pro Max 128 ГБ Серебристый,"6.7"" | 48 Мп | 6 ГБ | Dual SIM",36 999 лей,35 499 лей,darwin-apple-iphone-14-pro-max-6-gb-128-gb-dual-sim-silver-031.jpg
Apple iPhone 14 Pro 256 ГБ Чёрный Космос,"6.1"" | 48 Мп | 6 ГБ | Dual SIM",33 999 лей,32 999 лей,darwin-apple-iphone-14-pro-6-gb-256-gb-dual-sim-space-black-078.jpg
Apple iPhone 14 Pro 256 ГБ Золотой,"6.1"" | 48 Мп | 6 ГБ | Dual SIM",33 999 лей,32 999 лей,darwin-apple-iphone-14-pro-6-gb-256-gb-dual-sim-gold-012.jpg
Apple iPhone 14 Plus 256 ГБ Midnight,"6.7"" | 12 Мп | 6 ГБ | Single SIM",22 499 лей,21 499 лей,darwin-apple-iphone-14-plus-256-gb-midnight-140689.jpg
Apple iPhone 14 128 ГБ Синий,"6.1"" | 12 Мп | 6 ГБ | Single SIM",17 999 лей,16 999 лей,darwin-apple-iphone-14-6-gb-128-gb-blue-038.jpg
Apple iPhone 14 Pro 128 ГБ Чёрный Космос,"6.1"" | 48 Мп | 6 ГБ | Single SIM",24 899 лей,24 399 лей,darwin-apple-iphone-14-pro-6-gb-128-gb-space-black-036.jpg
Apple iPhone 14 256 ГБ Пурпурный,"6.1"" | 12 Мп | 6 ГБ | Single SIM",20 499 лей,18 999 лей,darwin-apple-iphone-14-6-gb-256-gb-purple-097.jpg
Apple iPhone 14 128 ГБ Midnight,"6.1"" | 12 Мп | 6 ГБ | Single SIM",17 999 лей,16 999 лей,darwin-apple-iphone-14-6-gb-128-gb-midnight-053.jpg
Apple iPhone 14 Plus 256 ГБ Starlight,"6.7"" | 12 Мп | 6 ГБ | Single SIM",22 499 лей,21 499 лей,darwin-apple-iphone-14-plus-6-gb-256-gb-starlight-09.jpg
Apple iPhone 14 Plus 128 ГБ Midnight,"6.7"" | 12 Мп | 6 ГБ | Single SIM",20 999 лей,19 999 лей,darwin-apple-iphone-14-plus-6-gb-128-gb-midnight-08.jpg
Apple iPhone 14 256 ГБ Синий,"6.1"" | 12 Мп | 6 ГБ | Single SIM",20 499 лей,18 999 лей,darwin-apple-iphone-14-6-gb-256-gb-blue-030.jpg
Apple iPhone 14 Pro Max 256 ГБ Тёмно фиолетовый,"6.7"" | 48 Мп | 6 ГБ | Single SIM",29 999 лей,29 499 лей,darwin-apple-iphone-14-pro-max-256-gb-deep-purple-140352.jpg
Apple iPhone 14 Pro Max 512 ГБ Серебристый,"6.7"" | 48 Мп | 6 ГБ | Single SIM",37 499 лей,34 999 лей,darwin-apple-iphone-14-pro-max-6-gb-512-gb-silver-073.jpg
Apple iPhone 14 Pro 1 ТБ Серебристый,"6.1"" | 48 Мп | 6 ГБ | Single SIM",39 999 лей,36 499 лей,darwin-apple-iphone-14-pro-1-tb-silver-140602.jpg
Apple iPhone 14 Pro 512 ГБ Тёмно фиолетовый,"6.1"" | 48 Мп | 6 ГБ | Single SIM",34 499 лей,31 999 лей,darwin-apple-iphone-14-pro-6-gb-512-gb-deep-purple-055.jpg
Apple iPhone 14 Plus 128 ГБ Синий,"6.7"" | 12 Мп | 6 ГБ | Single SIM",20 999 лей,19 999 лей,darwin-apple-iphone-14-plus-6-gb-128-gb-blue-039.jpg
Apple iPhone 14 128 ГБ Starlight,"6.1"" | 12 Мп | 6 ГБ | Single SIM",17 999 лей,16 999 лей,darwin-apple-iphone-14-6-gb-128-gb-starlight-072.jpg
Apple iPhone 14 Pro Max 256 ГБ Чёрный Космос,"6.7"" | 48 Мп | 6 ГБ | Single SIM",29 999 лей,29 499 лей,darwin-apple-iphone-14-pro-max-6-gb-256-gb-space-black-02.jpg
Apple iPhone 14 Pro Max 128 ГБ Тёмно фиолетовый,"6.7"" | 48 Мп | 6 ГБ | Single SIM",27 499 лей,26 999 лей,darwin-apple-iphone-14-pro-max-6-gb-128-gb-deep-purple-048.jpg
Apple iPhone 14 256 ГБ Starlight,"6.1"" | 12 Мп | 6 ГБ | Single SIM",20 499 лей,18 999 лей,darwin-apple-iphone-14-6-gb-256-gb-starlight-088.jpg
Apple iPhone 14 128 ГБ Пурпурный,"6.1"" | 12 Мп | 6 ГБ | Single SIM",17 999 лей,16 999 лей,darwin-apple-iphone-14-6-gb-128-gb-purple-011.jpg
Apple iPhone 14 Plus 128 ГБ Пурпурный,"6.7"" | 12 Мп | 6 ГБ | Single SIM",20 999 лей,19 999 лей,darwin-apple-iphone-14-plus-6-gb-128-gb-purple-01.jpg
Apple iPhone 14 Pro Max 512 ГБ Тёмно фиолетовый,"6.7"" | 48 Мп | 6 ГБ | Single SIM",37 499 лей,34 999 лей,darwin-apple-iphone-14-pro-max-6-gb-512-gb-deep-purple-049.jpg
Apple iPhone 14 Pro 128 ГБ Тёмно фиолетовый,"6.1"" | 48 Мп | 6 ГБ | Single SIM",24 899 лей,24 399 лей,darwin-apple-iphone-14-pro-6-gb-128-gb-deep-purple-097.jpg
Apple iPhone 14 Pro 1 ТБ Золото,"6.1"" | 48 Мп | 6 ГБ | Single SIM",39 999 лей,36 499 лей,darwin-apple-iphone-14-pro-6-gb-1-tb-gold-073.jpg
Apple iPhone 14 Pro Max 256 ГБ Золото,"6.7"" | 48 Мп | 6 ГБ | Single SIM",29 999 лей,29 499 лей,darwin-apple-iphone-14-pro-max-6-gb-256-gb-gold-067.jpg
Apple iPhone 14 Pro 256 ГБ Золото,"6.1"" | 48 Мп | 6 ГБ | Single SIM",27 499 лей,26 999 лей,darwin-apple-iphone-14-pro-256-gb-gold-140267.jpg
Apple iPhone 14 256 ГБ Midnight,"6.1"" | 12 Мп | 6 ГБ | Single SIM",20 499 лей,18 999 лей,darwin-apple-iphone-14-6-gb-256-gb-midnight-032.jpg
Apple iPhone 14 Plus 256 ГБ Пурпурный,"6.7"" | 12 Мп | 6 ГБ | Single SIM",22 499 лей,21 499 лей,darwin-apple-iphone-14-plus-6-gb-256-gb-purple-08.jpg
Apple iPhone 14 256 ГБ Красный,"6.1"" | 12 Мп | 6 ГБ | Single SIM",20 499 лей,18 999 лей,darwin-apple-iphone-14-6-gb-256-gb-red-027.jpg
Apple iPhone 14 Pro Max 1 ТБ Золото,"6.7"" | 48 Мп | 6 ГБ | Single SIM",42 999 лей,39 499 лей,darwin-apple-iphone-14-pro-max-1-tb-gold-140448.jpg
Apple iPhone 14 Pro Max 128 ГБ Золото,"6.7"" | 48 Мп | 6 ГБ | Single SIM",27 499 лей,26 999 лей,darwin-apple-iphone-14-pro-max-6-gb-128-gb-gold-057.jpg
Apple iPhone 14 Plus 128 ГБ Starlight,"6.7"" | 12 Мп | 6 ГБ | Single SIM",20 999 лей,19 999 лей,darwin-apple-iphone-14-plus-6-gb-128-gb-starlight-039.jpg
Apple iPhone 14 Plus 128 ГБ Красный,"6.7"" | 12 Мп | 6 ГБ | Single SIM",20 999 лей,19 999 лей,darwin-apple-iphone-14-plus-6-gb-128-gb-red-092.jpg
Apple iPhone 14 Pro Max 128 ГБ Чёрный Космос,"6.7"" | 48 Мп | 6 ГБ | Single SIM",27 499 лей,26 999 лей,darwin-apple-iphone-14-pro-max-6-gb-128-gb-space-black-055.jpg
Apple iPhone 14 Pro 256 ГБ Чёрный Космос,"6.1"" | 48 Мп | 6 ГБ | Single SIM",27 499 лей,26 999 лей,darwin-apple-iphone-14-pro-6-gb-256-gb-space-black-019.jpg
Apple iPhone 14 Pro 256 ГБ Тёмно фиолетовый,"6.1"" | 48 Мп | 6 ГБ | Single SIM",27 499 лей,26 999 лей,darwin-apple-iphone-14-pro-256-gb-deep-purple-140263.jpg
Apple iPhone 13 256 ГБ Зелёный,"6.1"" | 12 Мп | 4 ГБ | Single SIM",17 599 лей,16 599 лей,darwin-apple-iphone-13-4-gb-256-gb-green-019.jpg
Apple iPhone 13 128 ГБ Зелёный,"6.1"" | 12 Мп | 4 ГБ | Single SIM",15 599 лей,14 599 лей,darwin-apple-iphone-13-4-gb-128-gb-green-045.jpg
Apple iPhone 13 mini 4 ГБ/ 256 ГБ Зелёный,"5.4"" | 12 Мп | 4 ГБ | Single SIM",17 499 лей,16 399 лей,darwin-apple-iphone-13-mini-4-gb-256-gb-green-04.jpg
Apple iPhone 13 Pro 1 ТБ Alpine Серебристый,"6.1"" | 12 Мп | 6 ГБ | Dual SIM",None,41 999 лей,darwin-apple-iphone-13-pro-6-gb-1-tb-alpine-dual-sim-silver-05.jpg
Apple iPhone 13 128 ГБ Starlight,"6.1"" | 12 Мп | 4 ГБ | Dual SIM",21 999 лей,20 999 лей,darwin-apple-iphone-13-4-gb-128-gb-dual-sim-starlight-059.jpg
Apple iPhone 13 mini 256 ГБ Красный,"5.4"" | 12 Мп | 4 ГБ | Single SIM",17 499 лей,16 399 лей,darwin-apple-iphone-13-mini-256-gb-red-30914.jpg
Apple iPhone 13 mini 128 ГБ Красный,"5.4"" | 12 Мп | 4 ГБ | Single SIM",14 999 лей,13 999 лей,darwin-apple-iphone-13-mini-128-gb-red-30909.jpg
Apple iPhone 13 Pro 256 ГБ Золото,"6.1"" | 12 Мп | 6 ГБ | Single SIM",None,29 499 лей,darwin-apple-iphone-13-pro-256-gb-gold-30991.jpg
Apple iPhone 13 Pro 1 ТБ Графитовый,"6.1"" | 12 Мп | 6 ГБ | Single SIM",None,34 999 лей,darwin-apple-iphone-13-pro-1-tb-graphite-31001.jpg
Apple iPhone 13 Pro 1 ТБ Золото,"6.1"" | 12 Мп | 6 ГБ | Single SIM",None,34 999 лей,darwin-apple-iphone-13-pro-1-tb-gold-30999.jpg
Apple iPhone 13 256 ГБ Starlight,"6.1"" | 12 Мп | 4 ГБ | Single SIM",17 599 лей,16 599 лей,darwin-apple-iphone-13-256-gb-starlight-251360.jpg
Apple iPhone 13 128 ГБ Розовый,"6.1"" | 12 Мп | 4 ГБ | Single SIM",15 599 лей,14 599 лей,darwin-apple-iphone-13-6-gb-128-gb-pink-042.jpg
Apple iPhone 13 256 ГБ Розовый,"6.1"" | 12 Мп | 4 ГБ | Single SIM",17 599 лей,16 599 лей,darwin-apple-iphone-13-256-gb-pink-155065.jpg
Apple iPhone 13 256 ГБ Midnight,"6.1"" | 12 Мп | 4 ГБ | Single SIM",17 599 лей,16 599 лей,darwin-apple-iphone-13-6-gb-256-gb-midnight-024.jpg
Apple iPhone 13 128 ГБ Midnight,"6.1"" | 12 Мп | 4 ГБ | Single SIM",15 599 лей,14 599 лей,darwin-apple-iphone-13-6-gb-128-gb-midnight-074.jpg
Apple iPhone 13 256 ГБ Синий,"6.1"" | 12 Мп | 4 ГБ | Single SIM",17 599 лей,16 599 лей,darwin-apple-iphone-13-256-gb-blue-30881.jpg
Apple iPhone 13 128 ГБ Синий,"6.1"" | 12 Мп | 4 ГБ | Single SIM",15 599 лей,14 599 лей,darwin-apple-iphone-13-128-gb-blue-048.jpg
Apple iPhone 13 128 ГБ Красный,"6.1"" | 12 Мп | 4 ГБ | Single SIM",15 599 лей,14 599 лей,darwin-apple-iphone-13-6-gb-128-gb-red-036.jpg
Apple iPhone 13 512 ГБ Midnight,"6.1"" | 12 Мп | 4 ГБ | Single SIM",21 999 лей,20 999 лей,darwin-apple-iphone-13-512-gb-midnight-30890.jpg
Apple iPhone 13 128 ГБ Starlight,"6.1"" | 12 Мп | 4 ГБ | Single SIM",15 599 лей,14 599 лей,darwin-apple-iphone-13-6-gb-128-gb-starlight-088.jpg
Apple iPhone 12 256 ГБ Пурпурный,"6.1"" | 12 Мп | 4 ГБ | Single SIM",18 999 лей,17 499 лей,darwin-apple-iphone-12-256-gb-purple-6736.jpg
Apple iPhone 12 256 ГБ Синий,"6.1"" | 12 Мп | 4 ГБ | Single SIM",18 999 лей,17 499 лей,darwin-apple-iphone-12-4-gb-256-gb-blue-04.jpg
Apple iPhone 12 256 ГБ Зелёный,"6.1"" | 12 Мп | 4 ГБ | Single SIM",18 999 лей,17 499 лей,darwin-apple-iphone-12-256-gb-green-252312.jpg
Apple iPhone 12 128 ГБ Черный,"6.1"" | 12 Мп | 4 ГБ | Single SIM",16 799 лей,14 999 лей,darwin-apple-iphone-12-128-gb-black-107539.jpg
Apple iPhone 12 128 ГБ Белый,"6.1"" | 12 Мп | 4 ГБ | Single SIM",16 799 лей,14 999 лей,darwin-apple-iphone-12-4-gb-128-gb-white-044.jpg
Apple iPhone SE 2020 128 ГБ Черный,"4.7"" | 12 Мп | 3 ГБ | Single SIM",None,10 999 лей,apple_iphone_se_2020_black1d-201113115346-darwin.jpg
Apple iPhone 11 128 ГБ Белый,"6.1"" | 12 Мп | 4 ГБ | Single SIM",12 999 лей,11 799 лей,darwin-apple-iphone-11-128-gb-white-5283.jpg
Apple iPhone 11 64 ГБ Черный,"6.1"" | 12 Мп | 4 ГБ | Single SIM",10 999 лей,10 399 лей,darwin-apple-iphone-11-4-gb-64-gb-black-044.jpg
Apple iPhone 11 128 ГБ Черный,"6.1"" | 12 Мп | 4 ГБ | Single SIM",12 999 лей,11 799 лей,darwin-apple-iphone-11-4-gb-128-gb-black-026.jpg
Apple iPhone 11 64 ГБ Красный,"6.1"" | 12 Мп | 4 ГБ | Single SIM",10 999 лей,10 399 лей,darwin-apple-iphone-11-4-gb-64-gb-red-090.jpg
Apple iPhone 11 64 ГБ Белый,"6.1"" | 12 Мп | 4 ГБ | Single SIM",10 999 лей,10 399 лей,darwin-apple-iphone-11-4-gb-64-gb-white-089.jpg
Apple iPhone 11 Pro 64 ГБ Space Gray,"5.8"" | 12 Мп | 4 ГБ | Single SIM",None,18 999 лей,darwin-apple-iphone-11-pro-512-gb-space-gray-372970.jpg
Apple iPhone 15 Pro Max 512 ГБ Белый Титан,"6.7"" | 48 Мп | 8 ГБ | Single SIM",38 999 лей,37 499 лей,darwin-apple-iphone-15-pro-max-512-gb-white-titanium-314200.jpg
Apple iPhone 15 Pro Max 512 ГБ Натуральный Титан,"6.7"" | 48 Мп | 8 ГБ | Single SIM",38 999 лей,37 499 лей,darwin-apple-iphone-15-pro-max-512-gb-natural-titanium-314207.jpg
Apple iPhone 15 Pro Max 512 ГБ Черный Титан,"6.7"" | 48 Мп | 8 ГБ | Single SIM",38 999 лей,37 499 лей,darwin-apple-iphone-15-pro-max-512-gb-black-titanium-314217.jpg
Apple iPhone 15 Pro Max 256 ГБ Белый Титан,"6.7"" | 48 Мп | 8 ГБ | Single SIM",33 999 лей,32 399 лей,darwin-apple-iphone-15-pro-max-256-gb-white-titanium-314225.jpg
Apple iPhone 15 Pro Max 1 ТБ Натуральный Титан,"6.7"" | 48 Мп | 8 ГБ | Single SIM",43 999 лей,42 499 лей,darwin-apple-iphone-15-pro-max-1-tb-natural-titanium-314251.jpg
Apple iPhone 15 Pro Max 1 ТБ Черный Титан,"6.7"" | 48 Мп | 8 ГБ | Single SIM",43 999 лей,42 499 лей,darwin-apple-iphone-15-pro-max-1-tb-black-titanium-314188.jpg
Apple iPhone 15 Plus 512 ГБ Желтый,"6.7"" | 48 Мп | 6 ГБ | Single SIM",None,31 499 лей,darwin-apple-iphone-15-plus-512-gb-yellow-314295.jpg
Apple iPhone 15 Plus 512 ГБ Розовый,"6.7"" | 48 Мп | 6 ГБ | Single SIM",None,31 499 лей,darwin-apple-iphone-15-plus-512-gb-pink-314300.jpg
Apple iPhone 15 Plus 512 ГБ Зелёный,"6.7"" | 48 Мп | 6 ГБ | Single SIM",None,31 499 лей,darwin-apple-iphone-15-plus-512-gb-green-314305.jpg
Apple iPhone 15 Plus 512 ГБ Синий,"6.7"" | 48 Мп | 6 ГБ | Single SIM",None,31 499 лей,darwin-apple-iphone-15-plus-512-gb-blue-314310.jpg
Apple iPhone 15 Plus 512 ГБ Черный,"6.7"" | 48 Мп | 6 ГБ | Single SIM",None,31 499 лей,darwin-apple-iphone-15-plus-512-gb-black-314315.jpg
Apple iPhone 15 Plus 256 ГБ Розовый,"6.7"" | 48 Мп | 6 ГБ | Single SIM",None,26 499 лей,darwin-apple-iphone-15-plus-256-gb-pink-314331.jpg
Apple iPhone 15 Plus 256 ГБ Синий,"6.7"" | 48 Мп | 6 ГБ | Single SIM",None,26 499 лей,darwin-apple-iphone-15-plus-256-gb-blue-314350.jpg
Apple iPhone 15 Pro 1 ТБ Натуральный Титан,"6.1"" | 48 Мп | 8 ГБ | Single SIM",None,39 499 лей,darwin-apple-iphone-15-pro-1-tb-titanium-natural-314611.jpg
Apple iPhone 15 Pro 512 ГБ Белый Титан,"6.1"" | 48 Мп | 8 ГБ | Single SIM",34 999 лей,34 499 лей,darwin-apple-iphone-15-pro-512-gb-titanium-white-314538.jpg
Apple iPhone 15 512 ГБ Желтый,"6.1"" | 48 Мп | 6 ГБ | Single SIM",None,28 999 лей,darwin-apple-iphone-15-512-gb-yellow-314393.jpg
Apple iPhone 15 512 ГБ Зелёный,"6.1"" | 48 Мп | 6 ГБ | Single SIM",None,28 999 лей,darwin-apple-iphone-15-512-gb-green-314412.jpg
Apple iPhone 15 512 ГБ Синий,"6.1"" | 48 Мп | 6 ГБ | Single SIM",None,28 999 лей,darwin-apple-iphone-15-512-gb-blue-314418.jpg
Apple iPhone 15 512 ГБ Черный,"6.1"" | 48 Мп | 6 ГБ | Single SIM",None,28 999 лей,darwin-apple-iphone-15-512-gb-black-314423.jpg
Apple iPhone 15 256 ГБ Желтый,"6.1"" | 48 Мп | 6 ГБ | Single SIM",None,23 999 лей,darwin-apple-iphone-15-256-gb-yellow-314428.jpg
Apple iPhone 15 Pro Max 512 ГБ Натуральный Титан,"6.7"" | 48 Мп | 8 ГБ | Dual SIM",None,42 599 лей,darwin-apple-iphone-15-pro-max-5g-512-gb-titanium-natural-313294.jpg
Apple iPhone 15 Pro Max 512 ГБ Черный Титан,"6.7"" | 48 Мп | 8 ГБ | Dual SIM",None,42 599 лей,darwin-apple-iphone-15-pro-max-5g-512-gb-titanium-black-313284.jpg
Apple iPhone 15 Pro Max 1 ТБ Белый Титан,"6.7"" | 48 Мп | 8 ГБ | Dual SIM",None,48 599 лей,darwin-apple-iphone-15-pro-max-5g-1-tb-titanium-white-313264.jpg
Apple iPhone 15 Pro 512 ГБ Белый Титан,"6.1"" | 48 Мп | 8 ГБ | Dual SIM",None,36 999 лей,darwin-apple-iphone-15-pro-5g-512-gb-titanium-white-313212.jpg
Apple iPhone 15 Pro 1 ТБ Натуральный Титан,"6.1"" | 48 Мп | 8 ГБ | Dual SIM",None,39 499 лей,darwin-apple-iphone-15-pro-5g-1-tb-titanium-natural-313179.jpg
Apple iPhone 15 Plus 256 ГБ Синий,"6.7"" | 48 Мп | 6 ГБ | Dual SIM",None,27 499 лей,darwin-apple-iphone-15-plus-5g-256-gb-blue-313093.jpg
Apple iPhone SE 2022 5G 256 ГБ Starlight,"4.7"" | 12 Мп | 4 ГБ | Single SIM",None,13 999 лей,darwin-apple-iphone-se-2022-256-gb-starlight-270288.jpg
Apple iPhone 13 mini 5G 512 ГБ Зелёный,"5.4"" | 12 Мп | 4 ГБ | Single SIM",21 999 лей,20 999 лей,darwin-apple-iphone-13-mini-512-gb-green-270273.jpg
Apple iPhone XR 128 ГБ Синий,"6.1"" | 12 Мп | 3 ГБ | Single SIM",12 999 лей,9 999 лей,darwin-apple-iphone-xr-128-gb-blue-109234.jpg
Apple iPhone 11 256 ГБ Красный,"6.1"" | 12 Мп | 4 ГБ | Single SIM",None,15 999 лей,darwin-apple-iphone-11-256-gb-red-108533.jpg
Apple iPhone 14 Plus 256 ГБ Желтый,"6.7"" | 12 Мп | 6 ГБ | Single SIM",22 499 лей,21 499 лей,darwin-apple-iphone-14-plus-6-gb-256-gb-yellow-213448.jpg
Apple iPhone 14 Plus 128 ГБ Желтый,"6.7"" | 12 Мп | 6 ГБ | Single SIM",20 999 лей,19 999 лей,darwin-apple-iphone-14-plus-6-gb-128-gb-yellow-213456.jpg
Apple iPhone 14 256 ГБ Желтый,"6.1"" | 12 Мп | 6 ГБ | Single SIM",20 499 лей,18 999 лей,darwin-apple-iphone-14-6-gb-256-gb-yellow-213471.jpg
Apple iPhone 14 Pro 128 ГБ Серебристый,"6.1"" | 48 Мп | 6 ГБ | Dual SIM",31 999 лей,31 499 лей,darwin-apple-iphone-14-pro-6-gb-128-gb-silver-050.jpg
Apple iPhone 14 Pro Max 512 ГБ Золотой,"6.7"" | 48 Мп | 6 ГБ | Dual SIM",45 999 лей,44 999 лей,darwin-apple-iphone-14-pro-max-6-gb-512-gb-dual-sim-gold-08.jpg
Apple iPhone 14 Plus 256 ГБ Синий,"6.7"" | 12 Мп | 6 ГБ | Dual SIM",31 499 лей,29 499 лей,darwin-apple-iphone-14-plus-6-gb-256-gb-dual-sim-blue-071.jpg
Apple iPhone 14 Plus 512 ГБ Пурпурный,"6.7"" | 12 Мп | 6 ГБ | Dual SIM",35 499 лей,33 999 лей,darwin-apple-iphone-14-plus-6-gb-512-gb-dual-sim-purple-032.jpg
Apple iPhone 14 Plus 128 ГБ Starlight,"6.7"" | 12 Мп | 6 ГБ | Dual SIM",28 499 лей,26 799 лей,darwin-apple-iphone-14-plus-6-gb-128-gb-dual-sim-starlight-062.jpg
Apple iPhone 14 Plus 128 ГБ Пурпурный,"6.7"" | 12 Мп | 6 ГБ | Dual SIM",28 499 лей,26 799 лей,darwin-apple-iphone-14-plus-6-gb-128-gb-dual-sim-purple-068.jpg
Apple iPhone 14 Plus 512 ГБ Midnight,"6.7"" | 12 Мп | 6 ГБ | Dual SIM",35 499 лей,33 999 лей,darwin-apple-iphone-14-plus-6-gb-512-gb-dual-sim-midnight-058.jpg
Apple iPhone 14 Plus 128 ГБ Синий,"6.7"" | 12 Мп | 6 ГБ | Dual SIM",28 499 лей,26 799 лей,darwin-apple-iphone-14-plus-6-gb-128-gb-dual-sim-blue-03.jpg
Apple iPhone 14 Plus 256 ГБ Пурпурный,"6.7"" | 12 Мп | 6 ГБ | Dual SIM",31 499 лей,29 499 лей,darwin-apple-iphone-14-plus-6-gb-256-gb-dual-sim-purple-079.jpg
Apple iPhone 14 Plus 512 ГБ Starlight,"6.7"" | 12 Мп | 6 ГБ | Dual SIM",35 499 лей,33 999 лей,darwin-apple-iphone-14-plus-6-gb-512-gb-dual-sim-starlight-065.jpg
Apple iPhone 14 Pro 512 ГБ Чёрный Космос,"6.1"" | 48 Мп | 6 ГБ | Dual SIM",38 999 лей,37 999 лей,darwin-apple-iphone-14-pro-6-gb-512-gb-dual-sim-space-black-062.jpg
Apple iPhone 14 Pro Max 1 ТБ Золотой,"6.7"" | 48 Мп | 6 ГБ | Dual SIM",53 499 лей,49 999 лей,darwin-apple-iphone-14-pro-max-6-gb-1-tb-dual-sim-gold-073.jpg
Apple iPhone 14 Pro Max 512 ГБ Тёмно фиолетовый,"6.7"" | 48 Мп | 6 ГБ | Dual SIM",45 999 лей,44 999 лей,apple-iphone-14-pro-max-6-gb-512-gb-dual-sim-deep-purple-089.jpg
Apple iPhone 14 Pro Max 1 ТБ Чёрный Космос,"6.7"" | 48 Мп | 6 ГБ | Dual SIM",53 499 лей,49 999 лей,darwin-apple-iphone-14-pro-max-6-gb-1-tb-dual-sim-space-black-034.jpg
Apple iPhone 14 Pro 128 ГБ Чёрный Космос,"6.1"" | 48 Мп | 6 ГБ | Dual SIM",31 999 лей,31 499 лей,darwin-apple-iphone-14-pro-6-gb-128-gb-dual-sim-space-black-049.jpg
Apple iPhone 14 Pro 128 ГБ Тёмно фиолетовый,"6.1"" | 48 Мп | 6 ГБ | Dual SIM",31 999 лей,31 499 лей,darwin-apple-iphone-14-pro-6-gb-128-gb-dual-sim-deep-purple-021.jpg
Apple iPhone 14 Pro 512 ГБ Тёмно фиолетовый,"6.1"" | 48 Мп | 6 ГБ | Dual SIM",38 999 лей,37 999 лей,darwin-apple-iphone-14-pro-6-gb-512-gb-dual-sim-deep-purple-078.jpg
Apple iPhone 14 128 ГБ Midnight,"6.1"" | 12 Мп | 6 ГБ | Dual SIM",None,23 499 лей,darwin-apple-iphone-14-6-gb-128-gb-dual-sim-midnight-018.jpg
Apple iPhone 14 128 ГБ Красный,"6.1"" | 12 Мп | 6 ГБ | Dual SIM",None,23 499 лей,darwin-apple-iphone-14-6-gb-128-gb-dual-sim-red-072.jpg
Apple iPhone 14 256 ГБ Starlight,"6.1"" | 12 Мп | 6 ГБ | Dual SIM",None,25 999 лей,darwin-apple-iphone-14-6-gb-256-gb-dual-sim-starlight-070.jpg
Apple iPhone 14 Pro 256 ГБ Серебристый,"6.1"" | 48 Мп | 6 ГБ | Dual SIM",33 999 лей,32 999 лей,darwin-apple-iphone-14-pro-6-gb-256-gb-dual-sim-silver-067.jpg
Apple iPhone 14 Pro Max 256 ГБ Золотой,"6.7"" | 48 Мп | 6 ГБ | Dual SIM",39 999 лей,37 999 лей,darwin-apple-iphone-14-pro-max-6-gb-256-gb-dual-sim-gold-021.jpg
Apple iPhone 14 Pro Max 256 ГБ Чёрный Космос Космос,"6.7"" | 48 Мп | 6 ГБ | Dual SIM",39 999 лей,37 999 лей,apple-iphone-14-pro-max-6-gb-256-gb-dual-sim-space-black-056.jpg
Apple iPhone 14 Pro 128 ГБ Золотой,"6.1"" | 48 Мп | 6 ГБ | Dual SIM",31 999 лей,31 499 лей,darwin-apple-iphone-14-pro-6-gb-128-gb-dual-sim-gold-035.jpg
Apple iPhone 14 128 ГБ Синий,"6.1"" | 12 Мп | 6 ГБ | Dual SIM",None,23 499 лей,darwin-apple-iphone-14-6-gb-128-gb-dual-sim-blue-050.jpg
Apple iPhone 14 Pro Max 1 ТБ Серебристый,"6.7"" | 48 Мп | 6 ГБ | Dual SIM",53 499 лей,49 999 лей,darwin-apple-iphone-14-pro-max-6-gb-1-tb-dual-sim-silver-014.jpg
Apple iPhone 14 Pro 1 ТБ Чёрный Космос,"6.1"" | 48 Мп | 6 ГБ | Dual SIM",46 499 лей,43 999 лей,darwin-apple-iphone-14-pro-6-gb-1-tb-dual-sim-space-black-061.jpg
Apple iPhone 14 256 ГБ Пурпурный,"6.1"" | 12 Мп | 6 ГБ | Dual SIM",None,25 999 лей,darwin-apple-iphone-14-6-gb-256-gb-dual-sim-purple-036.jpg
Apple iPhone 14 128 ГБ Starlight,"6.1"" | 12 Мп | 6 ГБ | Dual SIM",None,23 499 лей,darwin-apple-iphone-14-6-gb-128-gb-dual-sim-starlight-040.jpg
Apple iPhone 14 Pro 1 ТБ Тёмно фиолетовый,"6.1"" | 48 Мп | 6 ГБ | Dual SIM",46 499 лей,43 999 лей,darwin-apple-iphone-14-pro-6-gb-1-tb-dual-sim-deep-purple-066.jpg
Apple iPhone 14 Pro 256 ГБ Тёмно фиолетовый,"6.1"" | 48 Мп | 6 ГБ | Dual SIM",33 999 лей,32 999 лей,darwin-apple-iphone-14-pro-6-gb-256-gb-dual-sim-deep-purple-031.jpg
Apple iPhone 14 Pro Max 256 ГБ Тёмно фиолетовый,"6.7"" | 48 Мп | 6 ГБ | Dual SIM",39 999 лей,37 999 лей,apple-iphone-14-pro-max-6-gb-256-gb-dual-sim-deep-purple-096.jpg
Apple iPhone 14 Pro Max 128 ГБ Тёмно фиолетовый,"6.7"" | 48 Мп | 6 ГБ | Dual SIM",36 999 лей,35 499 лей,apple-iphone-14-pro-max-6-gb-128-gb-dual-sim-deep-purple-080.jpg
Apple iPhone 14 Pro 512 ГБ Золотой,"6.1"" | 48 Мп | 6 ГБ | Dual SIM",38 999 лей,37 999 лей,darwin-apple-iphone-14-pro-512-gb-gold-143171.jpg
Apple iPhone 14 256 ГБ Синий,"6.1"" | 12 Мп | 6 ГБ | Dual SIM",None,25 999 лей,darwin-apple-iphone-14-6-gb-256-gb-dual-sim-blue-044.jpg
Apple iPhone 14 128 ГБ Пурпурный,"6.1"" | 12 Мп | 6 ГБ | Dual SIM",None,23 499 лей,darwin-apple-iphone-14-6-gb-128-gb-dual-sim-purple-073.jpg
Apple iPhone 14 256 ГБ Midnight,"6.1"" | 12 Мп | 6 ГБ | Dual SIM",None,25 999 лей,darwin-apple-iphone-14-6-gb-256-gb-dual-sim-midnight-072.jpg
Apple iPhone 14 512 ГБ Midnight,"6.1"" | 12 Мп | 6 ГБ | Single SIM",24 499 лей,23 499 лей,darwin-apple-iphone-14-6-gb-512-gb-midnight-021.jpg
Apple iPhone 14 Pro Max 512 ГБ Чёрный Космос,"6.7"" | 48 Мп | 6 ГБ | Single SIM",37 499 лей,34 999 лей,darwin-apple-iphone-14-pro-max-6-gb-512-gb-space-black-050.jpg
Apple iPhone 14 Plus 256 ГБ Красный,"6.7"" | 12 Мп | 6 ГБ | Single SIM",22 499 лей,21 499 лей,darwin-apple-iphone-14-plus-6-gb-256-gb-red-065.jpg
Apple iPhone 14 512 ГБ Пурпурный,"6.1"" | 12 Мп | 6 ГБ | Single SIM",24 499 лей,23 499 лей,darwin-apple-iphone-14-6-gb-512-gb-purple-095.jpg
Apple iPhone 14 Pro Max 1 ТБ Чёрный Космос,"6.7"" | 48 Мп | 6 ГБ | Single SIM",42 999 лей,39 499 лей,darwin-apple-iphone-14-pro-max-6-gb-1-tb-space-black-028.jpg
Apple iPhone 14 Pro Max 128 ГБ Серебристый,"6.7"" | 48 Мп | 6 ГБ | Single SIM",27 499 лей,26 999 лей,darwin-apple-iphone-14-pro-max-6-gb-128-gb-silver-058.jpg
Apple iPhone 14 Pro 256 ГБ Серебристый,"6.1"" | 48 Мп | 6 ГБ | Single SIM",27 499 лей,26 999 лей,darwin-apple-iphone-14-pro-256-gb-silver-140272.jpg
Apple iPhone 14 Pro 128 ГБ Серебристый,"6.1"" | 48 Мп | 6 ГБ | Single SIM",24 899 лей,24 399 лей,darwin-apple-iphone-14-pro-6-gb-128-gb-silver-082.jpg
Apple iPhone 14 Plus 512 ГБ Красный,"6.7"" | 12 Мп | 6 ГБ | Single SIM",26 999 лей,25 999 лей,darwin-apple-iphone-14-plus-6-gb-512-gb-red-030.jpg
Apple iPhone 14 Pro 128 ГБ Золото,"6.1"" | 48 Мп | 6 ГБ | Single SIM",24 899 лей,24 399 лей,darwin-apple-iphone-14-pro-6-gb-128-gb-gold-05.jpg
Apple iPhone 14 128 ГБ Красный,"6.1"" | 12 Мп | 6 ГБ | Single SIM",17 999 лей,16 999 лей,darwin-apple-iphone-14-6-gb-128-gb-red-045.jpg
Apple iPhone 14 Plus 512 ГБ Starlight,"6.7"" | 12 Мп | 6 ГБ | Single SIM",26 999 лей,25 999 лей,darwin-apple-iphone-14-plus-6-gb-512-gb-starlight-056.jpg
Apple iPhone 14 Pro Max 1 ТБ Серебристый,"6.7"" | 48 Мп | 6 ГБ | Single SIM",42 999 лей,39 499 лей,darwin-apple-iphone-14-pro-max-6-gb-1-tb-silver-033.jpg
Apple iPhone 14 512 ГБ Красный,"6.1"" | 12 Мп | 6 ГБ | Single SIM",24 499 лей,23 499 лей,darwin-apple-iphone-14-512-gb-red-140559.jpg
Apple iPhone 14 Pro Max 256 ГБ Серебристый,"6.7"" | 48 Мп | 6 ГБ | Single SIM",29 999 лей,29 499 лей,darwin-apple-iphone-14-pro-max-6-gb-256-gb-silver-013.jpg
Apple iPhone 14 Plus 512 ГБ Пурпурный,"6.7"" | 12 Мп | 6 ГБ | Single SIM",26 999 лей,25 999 лей,darwin-apple-iphone-14-plus-6-gb-512-gb-purple-069.jpg
Apple iPhone 14 Pro 1 ТБ Чёрный Космос,"6.1"" | 48 Мп | 6 ГБ | Single SIM",39 999 лей,36 499 лей,darwin-apple-iphone-14-pro-6-gb-1-tb-space-black-08.jpg
Apple iPhone 14 Pro 512 ГБ Чёрный Космос,"6.1"" | 48 Мп | 6 ГБ | Single SIM",34 499 лей,31 999 лей,darwin-apple-iphone-14-pro-6-gb-512-gb-space-black-051.jpg
Apple iPhone 14 512 ГБ Синий,"6.1"" | 12 Мп | 6 ГБ | Single SIM",24 499 лей,23 499 лей,darwin-apple-iphone-14-6-gb-512-gb-blue-088.jpg
Apple iPhone 14 Pro Max 1 ТБ Тёмно фиолетовый,"6.7"" | 48 Мп | 6 ГБ | Single SIM",42 999 лей,39 499 лей,darwin-apple-iphone-14-pro-max-6-gb-1-tb-deep-purple-031.jpg
Apple iPhone 14 Pro Max 512 ГБ Золото,"6.7"" | 48 Мп | 6 ГБ | Single SIM",37 499 лей,34 999 лей,darwin-apple-iphone-14-pro-max-6-gb-512-gb-gold-046.jpg
Apple iPhone 14 Pro 1 ТБ Тёмно фиолетовый,"6.1"" | 48 Мп | 6 ГБ | Single SIM",39 999 лей,36 499 лей,darwin-apple-iphone-14-pro-6-gb-1-tb-deep-purple-019.jpg
Apple iPhone 14 512 ГБ Starlight,"6.1"" | 12 Мп | 6 ГБ | Single SIM",24 499 лей,23 499 лей,darwin-apple-iphone-14-6-gb-512-gb-starlight-059.jpg
Apple iPhone 14 Plus 512 ГБ Midnight,"6.7"" | 12 Мп | 6 ГБ | Single SIM",26 999 лей,25 999 лей,darwin-apple-iphone-14-plus-6-gb-512-gb-midnight-041.jpg
Apple iPhone 14 Plus 256 ГБ Синий,"6.7"" | 12 Мп | 6 ГБ | Single SIM",22 499 лей,21 499 лей,darwin-apple-iphone-14-plus-6-gb-256-gb-blue-026.jpg
Apple iPhone 14 Pro 512 ГБ Серебристый,"6.1"" | 48 Мп | 6 ГБ | Single SIM",34 499 лей,31 999 лей,darwin-apple-iphone-14-pro-6-gb-512-gb-silver-035.jpg
Apple iPhone 14 Pro 512 ГБ Золото,"6.1"" | 48 Мп | 6 ГБ | Single SIM",34 499 лей,31 999 лей,darwin-apple-iphone-14-pro-6-gb-512-gb-gold-060.jpg
Apple iPhone 14 Plus 512 ГБ Синий,"6.7"" | 12 Мп | 6 ГБ | Single SIM",26 999 лей,25 999 лей,darwin-apple-iphone-14-plus-6-gb-512-gb-blue-088.jpg
Apple iPhone 13 Pro Max 512 ГБ Альпийская зелень,"6.7"" | 12 Мп | 6 ГБ | Dual SIM",None,39 999 лей,darwin-apple-iphone-13-pro-max-6-gb-512-gb-alpine-green-052.jpg
Apple iPhone 13 Pro 128 ГБ Альпийская зелень,"6.1"" | 12 Мп | 6 ГБ | Dual SIM",None,27 999 лей,darwin-apple-iphone-13-pro-6-gb-128-gb-green-081.jpg
Apple iPhone 13 Pro Max 256 ГБ Альпийская зелень,"6.7"" | 12 Мп | 6 ГБ | Dual SIM",None,33 999 лей,darwin-apple-iphone-13-pro-max-6-gb-256-gb-dual-sim-green-050.jpg
Apple iPhone 13 Pro Max 128 ГБ Альпийская зелень,"6.7"" | 12 Мп | 6 ГБ | Dual SIM",None,29 999 лей,darwin-apple-iphone-13-pro-max-6-gb-128-gb-green-030.jpg
Apple iPhone 13 Pro 1 ТБ Альпийская зелень,"6.1"" | 12 Мп | 6 ГБ | Dual SIM",None,41 999 лей,darwin-apple-iphone-13-pro-6-gb-1-tb-dual-sim-green-039.jpg
Apple iPhone 13 Pro 256 ГБ Альпийская зелень,"6.1"" | 12 Мп | 6 ГБ | Dual SIM",None,29 999 лей,darwin-apple-iphone-13-pro-6-gb-256-gb-dual-sim-green-013.jpg
Apple iPhone 13 Pro Max 1 ТБ Альпийская зелень,"6.7"" | 12 Мп | 6 ГБ | Dual SIM",None,44 999 лей,darwin-apple-iphone-13-pro-max-6-gb-1-tb-green-024.jpg
Apple iPhone 13 Pro 512 ГБ Альпийская зелень,"6.1"" | 12 Мп | 6 ГБ | Dual SIM",None,35 999 лей,apple-iphone-13-pro-6-gb-512-gb-green-3.jpg
Apple iPhone 13 512 ГБ Зелёный,"6.1"" | 12 Мп | 4 ГБ | Single SIM",21 999 лей,20 999 лей,darwin-apple-iphone-13-mini-4-gb-512-gb-green-010.jpg
Apple iPhone SE 2022 256 ГБ Красный,"4.7"" | 12 Мп | 4 ГБ | Single SIM",None,13 999 лей,darwin-apple-iphone-se-2022-4-gb-256-gb-red-023.jpg
Apple iPhone SE 2022 256 ГБ Midnight,"4.7"" | 12 Мп | 4 ГБ | Single SIM",None,13 999 лей,darwin-apple-iphone-se-2022-4-gb-256-gb-midnight-022.jpg
Apple iPhone 13 Pro 128 ГБ Альпийская зелень,"6.1"" | 12 Мп | 6 ГБ | Single SIM",None,27 499 лей,darwin-apple-iphone-13-pro-128-gb-alpine-green-82787.jpg
Apple iPhone 13 Pro 256 ГБ Альпийская зелень,"6.1"" | 12 Мп | 6 ГБ | Single SIM",None,29 499 лей,darwin-apple-iphone-13-pro-6-gb-256-gb-alpine-green-069.jpg
Apple iPhone 13 Pro Max 512 ГБ Альпийская зелень,"6.7"" | 12 Мп | 6 ГБ | Single SIM",None,35 999 лей,darwin-apple-iphone-13-pro-max-6-gb-512-gb-green-05.jpg
Apple iPhone 13 Pro 1 ТБ Альпийская зелень,"6.1"" | 12 Мп | 6 ГБ | Single SIM",None,34 999 лей,darwin-apple-iphone-13-pro-6-gb-1-tb-alpine-green-010.jpg
Apple iPhone 13 mini 128 ГБ Зелёный,"5.4"" | 12 Мп | 4 ГБ | Single SIM",14 999 лей,13 999 лей,darwin-apple-iphone-13-mini-4-gb-128-gb-green-052.jpg
Apple iPhone 13 Pro Max 128 ГБ Альпийская зелень,"6.7"" | 12 Мп | 6 ГБ | Single SIM",None,29 499 лей,darwin-apple-iphone-13-pro-max-6-gb-128-gb-green-036.jpg
Apple iPhone 13 Pro Max 1 ТБ Альпийская зелень,"6.7"" | 12 Мп | 6 ГБ | Single SIM",None,37 999 лей,darwin-apple-iphone-13-pro-max-6-gb-1-tb-green-071.jpg
Apple iPhone 13 Pro Max 256 ГБ Альпийская зелень,"6.7"" | 12 Мп | 6 ГБ | Single SIM",None,32 999 лей,darwin-apple-iphone-13-pro-max-6-gb-256-gb-green-025.jpg
Apple iPhone 13 Pro 512 ГБ Альпийская зелень,"6.1"" | 12 Мп | 6 ГБ | Single SIM",None,32 999 лей,darwin-apple-iphone-13-pro-6-gb-512-gb-alpine-green-049.jpg
Apple iPhone SE 2022 128 ГБ Starlight,"4.7"" | 12 Мп | 4 ГБ | Single SIM",11 999 лей,11 699 лей,darwin-apple-iphone-se-2022-4-gb-128-gb-starlight-02.jpg
Apple iPhone SE 2022 64 ГБ Starlight,"4.7"" | 12 Мп | 4 ГБ | Single SIM",10 999 лей,10 499 лей,darwin-apple-iphone-se-2022-4-gb-64-gb-starlight-081.jpg
Apple iPhone SE 2022 64 ГБ Красный,"4.7"" | 12 Мп | 4 ГБ | Single SIM",10 999 лей,10 499 лей,darwin-apple-iphone-se-2022-4-gb-64-gb-red-072.jpg
Apple iPhone SE 2022 128 ГБ Красный,"4.7"" | 12 Мп | 4 ГБ | Single SIM",11 999 лей,11 699 лей,darwin-apple-iphone-se-2022-4-gb-128-gb-red-070.jpg
Apple iPhone SE 2022 128 ГБ Midnight,"4.7"" | 12 Мп | 4 ГБ | Single SIM",11 999 лей,11 699 лей,darwin-apple-iphone-se-2022-4-gb-128-gb-midnight-085.jpg
Apple iPhone SE 2022 64 ГБ Midnight,"4.7"" | 12 Мп | 4 ГБ | Single SIM",10 999 лей,10 499 лей,darwin-apple-iphone-se-2022-4-gb-64-gb-midnight-074.jpg
Apple XR 3 ГБ/ 128 ГБ Кораловый,"iOS, 6.1"", Single SIM, 128 ГБ, 12 Мп",12 999 лей,9 999 лей,darwin-apple-xr-3-gb-128-gb-coral-09.jpg
Apple iPhone 11 128 ГБ Зелёный,"6.1"" | 12 Мп | 4 ГБ | Dual SIM",None,14 499 лей,darwin-apple-iphone-11-4-gb-128-gb-green-236853.jpg
Apple iPhone 13 512 ГБ Midnight,"6.1"" | 12 Мп | 4 ГБ | Dual SIM",29 999 лей,28 499 лей,darwin-apple-iphone-13-4-gb-512-gb-midnight-059.jpg
Apple iPhone 13 Pro Max 1 ТБ Небесно Голубой,"6.7"" | 12 Мп | 6 ГБ | Dual SIM",46 999 лей,44 999 лей,darwin-apple-iphone-13-pro-max-6-gb-1-tb-sierra-dual-sim-blue-034.jpg
Apple iPhone 13 Pro Max 1 ТБ Серебристый,"6.7"" | 12 Мп | 6 ГБ | Dual SIM",46 999 лей,44 999 лей,darwin-apple-iphone-13-pro-max-6-gb-1-tb-dual-sim-silver-044.jpg
Apple iPhone 13 Pro Max 256 ГБ Серебристый,"6.7"" | 12 Мп | 6 ГБ | Dual SIM",35 999 лей,33 999 лей,darwin-apple-iphone-13-pro-max-256-gb-silver-244868.jpg
Apple iPhone 13 Pro Max 256 ГБ Графитовый,"6.7"" | 12 Мп | 6 ГБ | Dual SIM",35 999 лей,33 999 лей,darwin-apple-iphone-13-pro-max-256-gb-graphite-244876.jpg
Apple iPhone 13 Pro Max 512 ГБ Золотой,"6.7"" | 12 Мп | 6 ГБ | Dual SIM",41 999 лей,39 999 лей,darwin-apple-iphone-13-pro-max-6-gb-512-gb-dual-sim-gold-087.jpg
Apple iPhone 13 Pro Max 256 ГБ Золотой,"6.7"" | 12 Мп | 6 ГБ | Dual SIM",35 999 лей,33 999 лей,darwin-apple-iphone-13-pro-max-6-gb-256-gb-dual-sim-gold-047.jpg
Apple iPhone 13 Pro Max 512 ГБ Серебристый,"6.7"" | 12 Мп | 6 ГБ | Dual SIM",41 999 лей,39 999 лей,darwin-apple-iphone-13-pro-max-512-gb-silver-244881.jpg
Apple iPhone 13 Pro Max 256 ГБ Небесно Голубой,"6.7"" | 12 Мп | 6 ГБ | Dual SIM",35 999 лей,33 999 лей,darwin-apple-iphone-13-pro-max-6-gb-256-gb-dual-sim-blue-086.jpg
Apple iPhone 13 Pro Max 1 ТБ Золотой,"6.7"" | 12 Мп | 6 ГБ | Dual SIM",46 999 лей,44 999 лей,darwin-apple-iphone-13-pro-max-1-tb-gold-244896.jpg
Apple iPhone 13 Pro Max 512 ГБ Графитовый,"6.7"" | 12 Мп | 6 ГБ | Dual SIM",41 999 лей,39 999 лей,darwin-apple-iphone-13-pro-max-512-gb-graphite-244910.jpg
Apple iPhone 13 Pro Max 1 ТБ Графитовый,"6.7"" | 12 Мп | 6 ГБ | Dual SIM",46 999 лей,44 999 лей,darwin-apple-iphone-13-pro-max-6-gb-1-tb-dual-sim-graphite-039.jpg
Apple iPhone 13 Pro Max 512 ГБ Небесно Голубой,"6.7"" | 12 Мп | 6 ГБ | Dual SIM",41 999 лей,39 999 лей,darwin-apple-iphone-13-pro-max-512-gb-sierra-blue-245676.jpg
Apple iPhone 13 Pro Max 128 ГБ Графитовый,"6.7"" | 12 Мп | 6 ГБ | Dual SIM",None,29 999 лей,darwin-apple-iphone-13-pro-max-128-gb-graphite-245682.jpg
Apple iPhone 13 Pro Max 128 ГБ Золотой,"6.7"" | 12 Мп | 6 ГБ | Dual SIM",None,29 999 лей,darwin-apple-iphone-13-pro-max-6-gb-128-gb-dual-sim-gold-069.jpg
Apple iPhone 13 Pro Max 128 ГБ Небесно Голубой,"6.7"" | 12 Мп | 6 ГБ | Dual SIM",None,29 999 лей,darwin-apple-iphone-13-pro-max-128-gb-sierra-blue-179417.jpg
Apple iPhone 13 Pro Max 128 ГБ Серебристый,"6.7"" | 12 Мп | 6 ГБ | Dual SIM",None,29 999 лей,darwin-apple-iphone-13-pro-max-6-gb-128-gb-dual-sim-silver-065.jpg
Apple iPhone 13 Pro 1 ТБ Золотой,"6.1"" | 12 Мп | 6 ГБ | Dual SIM",42 999 лей,41 999 лей,darwin-apple-iphone-13-pro-1-tb-gold-245689.jpg
Apple iPhone 13 Pro 1 ТБ Графитовый,"6.1"" | 12 Мп | 6 ГБ | Dual SIM",42 999 лей,41 999 лей,darwin-apple-iphone-13-pro-6-gb-1-tb-dual-sim-graphite-022.jpg
Apple iPhone 13 Pro 1 ТБ Небесно Голубой,"6.1"" | 12 Мп | 6 ГБ | Dual SIM",42 999 лей,41 999 лей,darwin-apple-iphone-13-pro-6-gb-1-tb-sierra-dual-sim-blue-044.jpg
Apple iPhone 13 Pro 512 ГБ Серебристый,"6.1"" | 12 Мп | 6 ГБ | Dual SIM",37 999 лей,35 999 лей,darwin-apple-iphone-13-pro-512-gb-silver-245694.jpg
Apple iPhone 13 Pro 512 ГБ Графитовый,"6.1"" | 12 Мп | 6 ГБ | Dual SIM",37 999 лей,35 999 лей,darwin-apple-iphone-13-pro-512-gb-graphite-245703.jpg
Apple iPhone 13 Pro 256 ГБ Серебристый,"6.1"" | 12 Мп | 6 ГБ | Dual SIM",31 999 лей,29 999 лей,darwin-apple-iphone-13-pro-256-gb-silver-245710.jpg
Apple iPhone 13 Pro 512 ГБ Небесно Голубой,"6.1"" | 12 Мп | 6 ГБ | Dual SIM",37 999 лей,35 999 лей,darwin-apple-iphone-13-pro-512-gb-sierra-blue-246572.jpg
Apple iPhone 13 Pro 256 ГБ Небесно Голубой,"6.1"" | 12 Мп | 6 ГБ | Dual SIM",31 999 лей,29 999 лей,darwin-apple-iphone-13-pro-6-gb-256-gb-sierra-dual-sim-blue-055.jpg
Apple iPhone 13 Pro 256 ГБ Графитовый,"6.1"" | 12 Мп | 6 ГБ | Dual SIM",31 999 лей,29 999 лей,darwin-apple-iphone-13-pro-256-gb-dual-sim-graphite-246586.jpg
Apple iPhone 13 Pro 512 ГБ Золотой,"6.1"" | 12 Мп | 6 ГБ | Dual SIM",37 999 лей,35 999 лей,darwin-apple-iphone-13-pro-6-gb-512-gb-dual-sim-gold-078.jpg
Apple iPhone 13 Pro 128 ГБ Серебристый,"6.1"" | 12 Мп | 6 ГБ | Dual SIM",None,27 999 лей,darwin-apple-iphone-13-pro-6-gb-128-gb-dual-sim-silver-037.jpg
Apple iPhone 13 Pro 128 ГБ Графитовый,"6.1"" | 12 Мп | 6 ГБ | Dual SIM",None,27 999 лей,darwin-apple-iphone-13-pro-128-gb-graphite-246592.jpg
Apple iPhone 13 Pro 128 ГБ Золотой,"6.1"" | 12 Мп | 6 ГБ | Dual SIM",None,27 999 лей,darwin-apple-iphone-13-pro-6-gb-128-gb-dual-sim-gold-061.jpg
Apple iPhone 13 Pro 128 ГБ Небесно Голубой,"6.1"" | 12 Мп | 6 ГБ | Dual SIM",None,27 999 лей,apple-iphone-13-pro-128-gb-sierra-dual-sim-culoarea-de-bazavalue57-246599.jpg
Apple iPhone 13 Pro 256 ГБ Золотой,"6.1"" | 12 Мп | 6 ГБ | Dual SIM",31 999 лей,29 999 лей,darwin-apple-iphone-13-pro-6-gb-256-gb-dual-sim-gold-096.jpg
Apple iPhone 13 128 ГБ Midnight,"6.1"" | 12 Мп | 4 ГБ | Dual SIM",21 999 лей,20 999 лей,darwin-apple-iphone-13-4-gb-128-gb-dual-sim-midnight-092.jpg
Apple iPhone 13 256 ГБ Красный,"6.1"" | 12 Мп | 4 ГБ | Dual SIM",24 999 лей,23 999 лей,darwin-apple-iphone-13-4-gb-256-gb-red-236979.jpg
Apple iPhone 13 256 ГБ Розовый,"6.1"" | 12 Мп | 4 ГБ | Dual SIM",24 999 лей,23 999 лей,darwin-apple-iphone-13-4-gb-256-gb-dual-sim-pink-236999.jpg
Apple iPhone 13 128 ГБ Розовый,"6.1"" | 12 Мп | 4 ГБ | Dual SIM",21 999 лей,20 999 лей,darwin-apple-iphone-13-4-gb-128-gb-dual-sim-pink-237035.jpg
Apple iPhone 13 128 ГБ Синий,"6.1"" | 12 Мп | 4 ГБ | Dual SIM",21 999 лей,20 999 лей,darwin-apple-iphone-13-4-gb-128-gb-dual-sim-blue-237044.jpg
Apple iPhone 13 256 ГБ Синий,"6.1"" | 12 Мп | 4 ГБ | Dual SIM",24 999 лей,23 999 лей,darwin-apple-iphone-13-4-gb-128-gb-blue-236885.jpg
Apple iPhone 13 256 ГБ Midnight,"6.1"" | 12 Мп | 4 ГБ | Dual SIM",24 999 лей,23 999 лей,darwin-apple-iphone-13-4-gb-256-gb-dual-sim-midnight-237018.jpg
Apple iPhone 13 256 ГБ Starlight,| 12 Мп | 4 ГБ | Dual SIM,24 999 лей,23 999 лей,darwin-apple-iphone-13-4-gb-256-gb-dual-sim-starlight-236961.jpg
Apple iPhone 13 128 ГБ Красный,"6.1"" | 12 Мп | 4 ГБ | Dual SIM",21 999 лей,20 999 лей,darwin-apple-iphone-13-128-gb-red-237029.jpg
Apple iPhone 13 mini 256 ГБ Midnight,"5.4"" | 12 Мп | 4 ГБ | Single SIM",17 499 лей,16 399 лей,darwin-apple-iphone-13-mini-256-gb-midnight-30916.jpg
Apple iPhone 13 mini 256 ГБ Розовый,"5.4"" | 12 Мп | 4 ГБ | Single SIM",17 499 лей,16 399 лей,darwin-apple-iphone-13-mini-256-gb-pink-30915.jpg
Apple iPhone 13 mini 128 ГБ Розовый,"5.4"" | 12 Мп | 4 ГБ | Single SIM",14 999 лей,13 999 лей,darwin-apple-iphone-13-mini-128-gb-pink-30899.jpg
Apple iPhone 13 mini 256 ГБ Starlight,"5.4"" | 12 Мп | 4 ГБ | Single SIM",17 499 лей,16 399 лей,darwin-apple-iphone-13-mini-256-gb-starlight-30912.jpg
Apple iPhone 13 mini 128 ГБ Midnight,"5.4"" | 12 Мп | 4 ГБ | Single SIM",14 999 лей,13 999 лей,darwin-apple-iphone-13-mini-128-gb-midnight-30910.jpg
Apple iPhone 13 mini 512 ГБ Красный,"5.4"" | 12 Мп | 4 ГБ | Single SIM",21 999 лей,20 999 лей,darwin-apple-iphone-13-mini-4-gb-512-gb-red-095.jpg
Apple iPhone 13 mini 512 ГБ Синий,"5.4"" | 12 Мп | 4 ГБ | Single SIM",21 999 лей,20 999 лей,darwin-apple-iphone-13-mini-512-gb-blue-30917.jpg
Apple iPhone 13 mini 128 ГБ Starlight,"5.4"" | 12 Мп | 4 ГБ | Single SIM",14 999 лей,13 999 лей,darwin-apple-iphone-13-mini-128-gb-starlight-30911.jpg
Apple iPhone 13 mini 128 ГБ Синий,"5.4"" | 12 Мп | 4 ГБ | Single SIM",14 999 лей,13 999 лей,darwin-apple-iphone-13-mini-128-gb-blue-30908.jpg
Apple iPhone 13 mini 512 ГБ Розовый,"5.4"" | 12 Мп | 4 ГБ | Single SIM",21 999 лей,20 999 лей,darwin-apple-iphone-13-mini-4-gb-512-gb-pink-093.jpg
Apple iPhone 13 mini 512 ГБ Midnight,"5.4"" | 12 Мп | 4 ГБ | Single SIM",21 999 лей,20 999 лей,darwin-apple-iphone-13-mini-4-gb-512-gb-midnight-02.jpg
Apple iPhone 13 mini 256 ГБ Синий,"5.4"" | 12 Мп | 4 ГБ | Single SIM",17 499 лей,16 399 лей,darwin-apple-iphone-13-mini-256-gb-blue-30913.jpg
Apple iPhone 13 mini 512 ГБ Starlight,"5.4"" | 12 Мп | 4 ГБ | Single SIM",21 999 лей,20 999 лей,darwin-apple-iphone-13-mini-4-gb-512-gb-starlight-050.jpg
Apple iPhone 13 Pro 256 ГБ Небесно Голубой,"6.1"" | 12 Мп | 6 ГБ | Single SIM",None,29 499 лей,darwin-apple-iphone-13-pro-6-gb-256-gb-sierra-blue-095.jpg
Apple iPhone 13 Pro 256 ГБ Серебристый,"6.1"" | 12 Мп | 6 ГБ | Single SIM",None,29 499 лей,darwin-apple-iphone-13-pro-256-gb-silver-31115.jpg
Apple iPhone 13 Pro 1 ТБ Серебристый,"6.1"" | 12 Мп | 6 ГБ | Single SIM",None,34 999 лей,darwin-apple-iphone-13-pro-1-tb-silver-31000.jpg
Apple iPhone 13 Pro 128 ГБ Небесно Голубой,"6.1"" | 12 Мп | 6 ГБ | Single SIM",None,27 499 лей,darwin-apple-iphone-13-pro-128-gb-sierra-blue-30954.jpg
Apple iPhone 13 Pro 128 ГБ Графитовый,"6.1"" | 12 Мп | 6 ГБ | Single SIM",None,27 499 лей,darwin-apple-iphone-13-pro-6-gb-128-gb-graphite-082.jpg
Apple iPhone 13 Pro 512 ГБ Серебристый,"6.1"" | 12 Мп | 6 ГБ | Single SIM",None,32 999 лей,darwin-apple-iphone-13-pro-512-gb-silver-30998.jpg
Apple iPhone 13 Pro 256 ГБ Графитовый,"6.1"" | 12 Мп | 6 ГБ | Single SIM",None,29 499 лей,darwin-apple-iphone-13-pro-256-gb-graphite-30992.jpg
Apple iPhone 13 Pro 128 ГБ Серебристый,"6.1"" | 12 Мп | 6 ГБ | Single SIM",None,27 499 лей,darwin-apple-iphone-13-pro-6-gb-128-gb-silver-059.jpg
Apple iPhone 13 Pro 1 ТБ Небесно Голубой,"6.1"" | 12 Мп | 6 ГБ | Single SIM",None,34 999 лей,darwin-apple-iphone-13-pro-1-tb-sierra-blue-31002.jpg
Apple iPhone 13 Pro 512 ГБ Небесно Голубой,"6.1"" | 12 Мп | 6 ГБ | Single SIM",None,32 999 лей,darwin-apple-iphone-13-pro-6-gb-512-gb-sierra-blue-015.jpg
Apple iPhone 13 Pro 128 ГБ Золото,"6.1"" | 12 Мп | 6 ГБ | Single SIM",None,27 499 лей,darwin-apple-iphone-13-pro-6-gb-128-gb-gold-071.jpg
Apple iPhone 13 Pro 512 ГБ Графитовый,"6.1"" | 12 Мп | 6 ГБ | Single SIM",None,32 999 лей,darwin-apple-iphone-13-pro-6-gb-512-gb-graphite-019.jpg
Apple iPhone 13 Pro 512 ГБ Золото,"6.1"" | 12 Мп | 6 ГБ | Single SIM",None,32 999 лей,darwin-apple-iphone-13-pro-512-gb-gold-30995.jpg
Apple iPhone 13 512 ГБ Starlight,"6.1"" | 12 Мп | 4 ГБ | Single SIM",21 999 лей,20 999 лей,darwin-apple-iphone-13-512-gb-starlight-30889.jpg
Apple iPhone 13 512 ГБ Розовый,"6.1"" | 12 Мп | 4 ГБ | Single SIM",21 999 лей,20 999 лей,darwin-apple-iphone-13-512-gb-pink-30888.jpg
Apple iPhone 13 512 ГБ Красный,"6.1"" | 12 Мп | 4 ГБ | Single SIM",21 999 лей,20 999 лей,darwin-apple-iphone-13-512-gb-red-30887.jpg
Apple iPhone 13 512 ГБ Синий,"6.1"" | 12 Мп | 4 ГБ | Single SIM",21 999 лей,20 999 лей,darwin-apple-iphone-13-6-gb-512-gb-blue-048.jpg
Apple iPhone 13 256 ГБ Красный,"6.1"" | 12 Мп | 4 ГБ | Single SIM",17 599 лей,16 599 лей,darwin-apple-iphone-13-6-gb-256-gb-red-052.jpg
Apple iPhone 13 Pro Max 1 ТБ Золото,"6.7"" | 12 Мп | 6 ГБ | Single SIM",None,37 999 лей,darwin-apple-iphone-13-pro-max-8-gb-1-tb-gold-041.jpg
Apple iPhone 13 Pro Max 128 ГБ Небесно Голубой,"6.7"" | 12 Мп | 6 ГБ | Single SIM",None,29 499 лей,darwin-apple-iphone-13-pro-max-128-gb-sierra-blue-30967.jpg
Apple iPhone 13 Pro Max 256 ГБ Золото,"6.7"" | 12 Мп | 6 ГБ | Single SIM",None,32 999 лей,darwin-apple-iphone-13-pro-max-256-gb-gold-31173.jpg
Apple iPhone 13 Pro Max 256 ГБ Графитовый,"6.7"" | 12 Мп | 6 ГБ | Single SIM",None,32 999 лей,darwin-apple-iphone-13-pro-max-256-gb-graphite-30972.jpg
Apple iPhone 13 Pro Max 512 ГБ Графитовый,"6.7"" | 12 Мп | 6 ГБ | Single SIM",None,35 999 лей,darwin-apple-iphone-13-pro-max-512-gb-graphite-30976.jpg
Apple iPhone 13 Pro Max 128 ГБ Графитовый,"6.7"" | 12 Мп | 6 ГБ | Single SIM",None,29 499 лей,darwin-apple-iphone-13-pro-max-128-gb-graphite-30966.jpg
Apple iPhone 13 Pro Max 256 ГБ Серебристый,"6.7"" | 12 Мп | 6 ГБ | Single SIM",None,32 999 лей,darwin-apple-iphone-13-pro-max-256-gb-silver-30971.jpg
Apple iPhone 13 Pro Max 512 ГБ Небесно Голубой,"6.7"" | 12 Мп | 6 ГБ | Single SIM",None,35 999 лей,darwin-apple-iphone-13-pro-max-512-gb-sierra-blue-30977.jpg
Apple iPhone 13 Pro Max 1 ТБ Серебристый,"6.7"" | 12 Мп | 6 ГБ | Single SIM",None,37 999 лей,darwin-apple-iphone-13-pro-max-1-tb-silver-30979.jpg
Apple iPhone 13 Pro Max 128 ГБ Серебристый,"6.7"" | 12 Мп | 6 ГБ | Single SIM",None,29 499 лей,darwin-apple-iphone-13-pro-max-128-gb-silver-30964.jpg
Apple iPhone 13 Pro Max 1 ТБ Небесно Голубой,"6.7"" | 12 Мп | 6 ГБ | Single SIM",None,37 999 лей,darwin-apple-iphone-13-pro-max-8-gb-1-tb-blue-056.jpg
Apple iPhone 13 Pro Max 1 ТБ Графитовый,"6.7"" | 12 Мп | 6 ГБ | Single SIM",None,37 999 лей,iphone-13-pro-max-graphite-01.jpg
Apple iPhone 13 Pro Max 128 ГБ Золото,"6.7"" | 12 Мп | 6 ГБ | Single SIM",None,29 499 лей,darwin-apple-iphone-13-pro-max-128-gb-gold-30963.jpg
Apple iPhone 13 Pro Max 512 ГБ Золото,"6.7"" | 12 Мп | 6 ГБ | Single SIM",None,35 999 лей,darwin-apple-iphone-13-pro-max-512-gb-gold-30974.jpg
Apple iPhone 13 Pro Max 512 ГБ Серебристый,"6.7"" | 12 Мп | 6 ГБ | Single SIM",None,35 999 лей,darwin-apple-iphone-13-pro-max-512-gb-silver-30975.jpg
Apple iPhone 13 Pro Max 256 ГБ Небесно Голубой,"6.7"" | 12 Мп | 6 ГБ | Single SIM",None,32 999 лей,darwin-apple-iphone-13-pro-max-256-gb-sierra-blue-31214.jpg
Apple iPhone 12 128 ГБ Пурпурный,"6.1"" | 12 Мп | 4 ГБ | Dual SIM",19 999 лей,18 999 лей,darwin-apple-iphone-12-4-gb-128-gb-dual-sim-purple-046.jpg
Apple iPhone 12 256 ГБ Пурпурный,"6.1"" | 12 Мп | 4 ГБ | Dual SIM",21 999 лей,19 999 лей,darwin-apple-iphone-12-256-gb-purple-247344.jpg
Apple iPhone 12 4 ГБ/ 64 ГБ Dual SIM Пурпурный,"iOS, 6.1"", Dual SIM, 64 ГБ, 12 Мп",17 999 лей,14 999 лей,darwin-apple-iphone-12-4-gb-64-gb-dual-sim-purple-08.jpg
Apple iPhone 12 mini 256 ГБ Пурпурный,"5.4"" | 12 Мп | 4 ГБ | Single SIM",16 499 лей,13 999 лей,darwin-apple-iphone-12-mini-256-gb-purple-6758.jpg
Apple iPhone 12 mini 128 ГБ Пурпурный,"6.1"" | 12 Мп | 4 ГБ | Single SIM",14 299 лей,12 999 лей,darwin-apple-iphone-12-mini-128-gb-purple-6755.jpg
Apple iPhone 12 mini 64 ГБ Пурпурный,"5.4"" | 12 Мп | 4 ГБ | Single SIM",12 499 лей,11 999 лей,darwin-apple-iphone-12-mini-64-gb-purple-6751.jpg
Apple iPhone 12 128 ГБ Пурпурный,"6.1"" | 12 Мп | 4 ГБ | Single SIM",16 799 лей,14 999 лей,darwin-apple-iphone-12-128-gb-purple-6732.jpg
Apple iPhone 12 64 ГБ Пурпурный,"6.1"" | 12 Мп | 4 ГБ | Single SIM",13 999 лей,13 499 лей,darwin-apple-iphone-12-64-gb-purple-6747.jpg
Apple iPhone 11 Pro 512 ГБ Серебристый,"5.8"" | 12 Мп | 4 ГБ | Dual SIM",23 499 лей,22 499 лей,darwin-apple-iphone-11-pro-512-gb-dual-sim-silver-248166.jpg
Apple iPhone 11 Pro 512 ГБ Золотой,"5.8"" | 12 Мп | 4 ГБ | Dual SIM",23 499 лей,22 499 лей,darwin-apple-iphone-11-pro-512-gb-gold-248216.jpg
Apple iPhone 12 Pro Max 512 ГБ Серебристый,"6.7"" | 12 Мп | 6 ГБ | Dual SIM",33 999 лей,32 999 лей,darwin-apple-iphone-12-pro-max-512-gb-dual-sim-silver-248232.jpg
Apple iPhone 12 Pro Max 512 ГБ Золотой,"6.7"" | 12 Мп | 6 ГБ | Dual SIM",33 999 лей,32 999 лей,darwin-apple-iphone-12-pro-max-512-gb-dual-sim-gold-248248.jpg
Apple iPhone 12 Pro Max 512 ГБ Графитовый,"6.7"" | 12 Мп | 6 ГБ | Dual SIM",33 999 лей,32 999 лей,darwin-apple-iphone-12-pro-max-512-gb-dual-sim-graphite-248276.jpg
Apple iPhone 12 Pro Max 512 ГБ Синий,"6.7"" | 12 Мп | 6 ГБ | Dual SIM",33 999 лей,32 999 лей,darwin-apple-iphone-12-pro-max-512-gb-dual-sim-blue-248864.jpg
Apple iPhone 12 Pro Max 256 ГБ Серебристый,"6.7"" | 12 Мп | 6 ГБ | Dual SIM",29 999 лей,29 499 лей,darwin-apple-iphone-12-pro-max-256-gb-dual-sim-silver-248999.jpg
Apple iPhone 12 Pro Max 256 ГБ Pacific Синий,"6.7"" | 12 Мп | 6 ГБ | Dual SIM",29 999 лей,29 499 лей,darwin-apple-iphone-12-pro-max-256-gb-pacific-dual-sim-blue-249009.jpg
Apple iPhone 12 Pro Max 256 ГБ Графитовый,"6.7"" | 12 Мп | 6 ГБ | Dual SIM",29 999 лей,29 499 лей,darwin-apple-iphone-12-pro-max-256-gb-dual-sim-graphite-249015.jpg
Apple iPhone 12 Pro Max 256 ГБ Золотой,"6.7"" | 12 Мп | 6 ГБ | Dual SIM",29 999 лей,29 499 лей,darwin-apple-iphone-12-pro-max-256-gb-dual-sim-gold-249060.jpg
Apple iPhone 12 Pro Max 128 ГБ Серебристый,"6.7"" | 12 Мп | 6 ГБ | Dual SIM",27 499 лей,26 999 лей,darwin-apple-iphone-12-pro-max-128-gb-dual-sim-silver-249064.jpg
Apple iPhone 12 Pro Max 128 ГБ Pacific Синий,"6.7"" | 12 Мп | 6 ГБ | Dual SIM",27 499 лей,26 999 лей,darwin-apple-iphone-12-pro-max-128-gb-pacific-dual-sim-blue-249076.jpg
Apple iPhone 12 Pro Max 128 ГБ Графитовый,"6.7"" | 12 Мп | 6 ГБ | Dual SIM",27 499 лей,26 999 лей,darwin-apple-iphone-12-pro-max-128-gb-dual-sim-graphite-249088.jpg
Apple iPhone 12 Pro Max 128 ГБ Золотой,"6.7"" | 12 Мп | 6 ГБ | Dual SIM",27 499 лей,26 999 лей,darwin-apple-iphone-12-pro-max-128-gb-dual-sim-gold-249825.jpg
Apple iPhone 12 Pro 512 ГБ Серебристый,"6.1"" | 12 Мп | 6 ГБ | Dual SIM",30 999 лей,28 999 лей,darwin-apple-iphone-12-pro-512-gb-silver-249850.jpg
Apple iPhone 12 Pro 512 ГБ Графитовый,"6.1"" | 12 Мп | 6 ГБ | Dual SIM",30 999 лей,28 999 лей,darwin-apple-iphone-12-pro-6-gb-512-gb-graphite-039.jpg
Apple iPhone 12 Pro 512 ГБ Золотой,"6.1"" | 12 Мп | 6 ГБ | Dual SIM",30 999 лей,28 999 лей,darwin-apple-iphone-12-pro-6-gb-512-gb-gold-023.jpg
Apple iPhone 12 Pro 512 ГБ Pacific Синий,"6.1"" | 12 Мп | 6 ГБ | Dual SIM",30 999 лей,28 999 лей,darwin-apple-iphone-12-pro-512-gb-pacific-blue-249869.jpg
Apple iPhone 12 256 ГБ Черный,"6.1"" | 12 Мп | 4 ГБ | Dual SIM",21 999 лей,19 999 лей,darwin-apple-iphone-12-256-gb-black-247350.jpg
Apple iPhone 12 256 ГБ Белый,"6.1"" | 12 Мп | 4 ГБ | Dual SIM",21 999 лей,19 999 лей,darwin-apple-iphone-12-256-gb-dual-sim-white-247362.jpg
Apple iPhone 12 256 ГБ Красный,"6.1"" | 12 Мп | 4 ГБ | Dual SIM",21 999 лей,19 999 лей,darwin-apple-iphone-12-256-gb-red-252211.jpg
Apple iPhone 12 256 ГБ Зелёный,"6.1"" | 12 Мп | 4 ГБ | Dual SIM",21 999 лей,19 999 лей,darwin-apple-iphone-12-256-gb-green-252220.jpg
Apple iPhone 12 256 ГБ Пурпурный,"6.1"" | 12 Мп | 4 ГБ | Dual SIM",21 999 лей,19 999 лей,darwin-apple-iphone-12-4-gb-256-gb-dual-sim-purple-078.jpg
Apple iPhone 12 64 ГБ Красный,"6.1"" | 12 Мп | 4 ГБ | Dual SIM",17 999 лей,14 999 лей,darwin-apple-iphone-12-4-gb-64-gb-dual-sim-red-079.jpg
Apple iPhone 12 Pro 256 ГБ Золотой,"6.1"" | 12 Мп | 6 ГБ | Dual SIM",26 999 лей,25 999 лей,darwin-apple-iphone-12-pro-256-gb-gold-249898.jpg
Apple iPhone 12 Pro 256 ГБ Pacific Синий,"6.1"" | 12 Мп | 6 ГБ | Dual SIM",26 999 лей,25 999 лей,darwin-apple-iphone-12-pro-256-gb-pacific-blue-249875.jpg
Apple iPhone 12 64 ГБ Синий,"6.1"" | 12 Мп | 4 ГБ | Dual SIM",17 999 лей,14 999 лей,darwin-apple-iphone-12-4-gb-64-gb-dual-sim-blue-041.jpg
Apple iPhone 12 128 ГБ Синий,"6.1"" | 12 Мп | 4 ГБ | Dual SIM",19 999 лей,18 999 лей,darwin-apple-iphone-12-128-gb-blue-252257.jpg
Apple iPhone 12 Pro 256 ГБ Серебристый,"6.1"" | 12 Мп | 6 ГБ | Dual SIM",26 999 лей,25 999 лей,darwin-apple-iphone-12-pro-256-gb-silver-249855.jpg
Apple iPhone 12 64 ГБ Белый,"6.1"" | 12 Мп | 4 ГБ | Dual SIM",17 999 лей,14 999 лей,darwin-apple-iphone-12-64-gb-white-252261.jpg
Apple iPhone 12 128 ГБ Красный,"6.1"" | 12 Мп | 4 ГБ | Dual SIM",19 999 лей,18 999 лей,darwin-apple-iphone-12-128-gb-red-252241.jpg
Apple iPhone 12 Pro 128 ГБ Графитовый,"6.1"" | 12 Мп | 6 ГБ | Dual SIM",24 999 лей,24 499 лей,darwin-apple-iphone-12-pro-128-gb-graphite-251539.jpg
Apple iPhone 12 Pro 128 ГБ Золотой,"6.1"" | 12 Мп | 6 ГБ | Dual SIM",24 999 лей,24 499 лей,darwin-apple-iphone-12-pro-6-gb-128-gb-gold-027.jpg
Apple iPhone 12 Pro 128 ГБ Серебристый,"6.1"" | 12 Мп | 6 ГБ | Dual SIM",24 999 лей,24 499 лей,darwin-apple-iphone-12-pro-6-gb-128-gb-silver-03.jpg
Apple iPhone 12 Pro 128 ГБ Pacific Синий,"6.1"" | 12 Мп | 6 ГБ | Dual SIM",24 999 лей,24 499 лей,darwin-apple-iphone-12-pro-128-gb-pacific-blue-249880.jpg
Apple iPhone 12 128 ГБ Белый,"6.1"" | 12 Мп | 4 ГБ | Dual SIM",19 999 лей,18 999 лей,darwin-apple-iphone-12-128-gb-white-252232.jpg
Apple iPhone 12 64 ГБ Черный,"6.1"" | 12 Мп | 4 ГБ | Dual SIM",17 999 лей,14 999 лей,darwin-apple-iphone-12-4-gb-64-gb-dual-sim-black-040.jpg
Apple iPhone 12 Pro 256 ГБ Графитовый,"6.1"" | 12 Мп | 6 ГБ | Dual SIM",26 999 лей,25 999 лей,darwin-apple-iphone-12-pro-256-gb-graphite-251544.jpg
Apple iPhone 12 64 ГБ Зелёный,"6.1"" | 12 Мп | 4 ГБ | Dual SIM",17 999 лей,14 999 лей,darwin-apple-iphone-12-4-gb-64-gb-dual-sim-green-091.jpg
Apple iPhone 12 128 ГБ Черный,"6.1"" | 12 Мп | 4 ГБ | Dual SIM",19 999 лей,18 999 лей,darwin-apple-iphone-12-4-gb-128-gb-dual-sim-black-063.jpg
Apple iPhone 12 128 ГБ Зелёный,"6.1"" | 12 Мп | 4 ГБ | Dual SIM",19 999 лей,18 999 лей,darwin-apple-iphone-12-128-gb-green-252249.jpg
Apple iPhone 12 128 ГБ Синий,"6.1"" | 12 Мп | 4 ГБ | Single SIM",16 799 лей,14 999 лей,darwin-apple-iphone-12-128-gb-blue-107511.jpg
Apple iPhone 12 64 ГБ Белый,"6.1"" | 12 Мп | 4 ГБ | Single SIM",13 999 лей,13 499 лей,darwin-apple-iphone-12-64-gb-white-107518.jpg
Apple iPhone 12 Pro Max 256 ГБ Синий Pacific,"6.7"" | 12 Мп | 6 ГБ | Single SIM",29 999 лей,28 499 лей,iphone_12_pro_max_pacific_blue1-201116025055-darwin.jpg
Apple iPhone 12 64 ГБ Красный,"6.1"" | 12 Мп | 4 ГБ | Single SIM",13 999 лей,13 499 лей,darwin-apple-iphone-12-4-gb-64-gb-red-022.jpg
Apple iPhone 12 mini 128 ГБ Красный,"5.4"" | 12 Мп | 4 ГБ | Single SIM",14 299 лей,12 999 лей,darwin-apple-iphone-12-mini-128-gb-red-251479.jpg
Apple iPhone 12 Pro Max 128 ГБ Серебристый,"6.7"" | 12 Мп | 6 ГБ | Single SIM",27 499 лей,25 999 лей,darwin-apple-iphone-12-pro-max-6-gb-128-gb-silver-055.jpg
Apple iPhone 12 64 ГБ Зелёный,"6.1"" | 12 Мп | 4 ГБ | Single SIM",13 999 лей,13 499 лей,darwin-apple-iphone-12-64-gb-green-107527.jpg
Apple iPhone 12 Pro 128 ГБ Золото,"6.1"" | 12 Мп | 6 ГБ | Dual SIM",None,23 999 лей,darwin-apple-iphone-12-pro-128-gb-gold-249912.jpg
Apple iPhone 12 mini 256 ГБ Белый,"5.4"" | 12 Мп | 4 ГБ | Single SIM",16 499 лей,13 999 лей,darwin-apple-iphone-12-mini-256-gb-white-181777.jpg
Apple iPhone 12 mini 256 ГБ Зелёный,"5.4"" | 12 Мп | 4 ГБ | Single SIM",16 499 лей,13 999 лей,darwin-apple-iphone-12-mini-256-gb-green-251461.jpg
Apple iPhone 12 Pro 512 ГБ Серебристый,"6.1"" | 12 Мп | 6 ГБ | Single SIM",None,25 999 лей,darwin-apple-iphone-12-pro-512-gb-silver-96558.jpg
Apple iPhone 12 mini 64 ГБ Зелёный,"5.4"" | 12 Мп | 4 ГБ | Single SIM",12 499 лей,11 999 лей,darwin-apple-iphone-12-mini-64-gb-green-108453.jpg
Apple iPhone 12 Pro Max 256 ГБ Золото,"6.7"" | 12 Мп | 6 ГБ | Single SIM",29 999 лей,28 499 лей,iphone_12_pro_max_gold1-201116025059-darwin.jpg
Apple iPhone 12 Pro Max 512 ГБ Золото,"6.7"" | 12 Мп | 6 ГБ | Single SIM",33 999 лей,31 999 лей,darwin-apple-iphone-12-pro-max-512-gb-gold-181757.jpg
Apple iPhone 12 Pro Max 256 ГБ Серебристый,"6.7"" | 12 Мп | 6 ГБ | Single SIM",29 999 лей,28 499 лей,darwin-apple-iphone-12-pro-max-256-gb-silver-109084.jpg
Apple iPhone 12 Pro Max 128 ГБ Синий Pacific,"6.7"" | 12 Мп | 6 ГБ | Single SIM",27 499 лей,25 999 лей,darwin-apple-iphone-12-pro-max-128-gb-pacific-blue-249083.jpg
Apple iPhone 12 Pro 256 ГБ Графитовый,"6.1"" | 12 Мп | 6 ГБ | Single SIM",None,25 499 лей,darwin-apple-iphone-12-pro-256-gb-graphite-96569.jpg
Apple iPhone 12 Pro 128 ГБ Графитовый Графитовый,"6.1"" | 12 Мп | 6 ГБ | Single SIM",23 999 лей,21 199 лей,darwin-apple-iphone-12-pro-128-gb-graphite-graphite-251551.jpg
Apple iPhone 12 mini 256 ГБ Синий,"5.4"" | 12 Мп | 4 ГБ | Single SIM",16 499 лей,13 999 лей,darwin-apple-iphone-12-mini-256-gb-blue-251466.jpg
Apple iPhone 12 Pro Max 128 ГБ Графитовый,"6.7"" | 12 Мп | 6 ГБ | Single SIM",27 499 лей,25 999 лей,darwin-apple-iphone-12-pro-max-128-gb-graphite-249095.jpg
Apple iPhone 12 Pro Max 128 ГБ Золото,"6.7"" | 12 Мп | 6 ГБ | Single SIM",27 499 лей,25 999 лей,darwin-apple-iphone-12-pro-max-6-gb-128-gb-gold-063.jpg
Apple iPhone 12 Pro 512 ГБ Синий Pacific,"6.1"" | 12 Мп | 6 ГБ | Single SIM",None,25 999 лей,darwin-apple-iphone-12-pro-512-gb-pacific-blue-96575.jpg
Apple iPhone 12 128 ГБ Красный,"6.1"" | 12 Мп | 4 ГБ | Single SIM",16 799 лей,14 999 лей,darwin-apple-iphone-12-4-gb-128-gb-red-054.jpg
Apple iPhone 12 Pro 256 ГБ Синий Pacific,"6.1"" | 12 Мп | 6 ГБ | Single SIM",None,25 499 лей,darwin-apple-iphone-12-pro-256-gb-pacific-blue-96584.jpg
Apple iPhone 12 mini 64 ГБ Синий,"5.4"" | 12 Мп | 4 ГБ | Single SIM",12 499 лей,11 999 лей,darwin-apple-iphone-12-mini-64-gb-blue-251442.jpg
Apple iPhone 12 Pro 128 ГБ Серебристый,"6.1"" | 12 Мп | 6 ГБ | Single SIM",None,23 999 лей,darwin-apple-iphone-12-pro-128-gb-silver-96587.jpg
Apple iPhone 12 mini 64 ГБ Белый,"5.4"" | 12 Мп | 4 ГБ | Single SIM",12 499 лей,11 999 лей,darwin-apple-iphone-12-mini-64-gb-white-108455.jpg
Apple iPhone 12 mini 64 ГБ Черный,"5.4"" | 12 Мп | 4 ГБ | Single SIM",12 499 лей,11 999 лей,darwin-apple-iphone-12-mini-64-gb-black-108459.jpg
Apple iPhone 12 mini 64 ГБ Красный,"5.4"" | 12 Мп | 4 ГБ | Single SIM",12 499 лей,11 999 лей,darwin-apple-iphone-12-mini-64-gb-red-77975.jpg
Apple iPhone 12 Pro Max 512 ГБ Синий Pacific,"6.7"" | 12 Мп | 6 ГБ | Single SIM",33 999 лей,31 999 лей,iphone_12_pro_max_pacific_blue1-201116025204-darwin.jpg
Apple iPhone 12 mini 128 ГБ Синий,"5.4"" | 12 Мп | 4 ГБ | Single SIM",14 299 лей,12 999 лей,darwin-apple-iphone-12-mini-128-gb-blue-108475.jpg
Apple iPhone 12 mini 256 ГБ Черный,"5.4"" | 12 Мп | 4 ГБ | Single SIM",16 499 лей,13 999 лей,darwin-apple-iphone-12-mini-256-gb-black-108486.jpg
Apple iPhone 12 Pro 128 ГБ Синий,"6.1"" | 12 Мп | 6 ГБ | Single SIM",None,23 999 лей,darwin-apple-iphone-12-pro-128-gb-blue-96591.jpg
Apple iPhone 12 Pro 256 ГБ Золото,"6.1"" | 12 Мп | 6 ГБ | Single SIM",None,25 499 лей,darwin-apple-iphone-12-pro-256-gb-gold-107501.jpg
Apple iPhone 12 Pro 512 ГБ Графитовый,"6.1"" | 12 Мп | 6 ГБ | Single SIM",None,25 999 лей,darwin-apple-iphone-12-pro-512-gb-graphite-96613.jpg
Apple iPhone 12 mini 128 ГБ Белый,"5.4"" | 12 Мп | 4 ГБ | Single SIM",14 299 лей,12 999 лей,darwin-apple-iphone-12-mini-128-gb-white-108499.jpg
Apple iPhone 12 Pro 256 ГБ Серебристый,"6.1"" | 12 Мп | 6 ГБ | Single SIM",None,25 499 лей,darwin-apple-iphone-12-pro-256-gb-silver-107507.jpg
Apple iPhone 12 mini 256 ГБ Красный,"5.4"" | 12 Мп | 4 ГБ | Single SIM",16 499 лей,13 999 лей,darwin-apple-iphone-12-mini-4-gb-256-gb-red-061.jpg
Apple iPhone 12 mini 128 ГБ Черный,"5.4"" | 12 Мп | 4 ГБ | Single SIM",14 299 лей,12 999 лей,darwin-apple-iphone-12-mini-128-gb-black-76662.jpg
Apple iPhone 12 mini 128 ГБ Зелёный,"5.4"" | 12 Мп | 4 ГБ | Single SIM",14 299 лей,12 999 лей,darwin-apple-iphone-12-mini-128-gb-green-108508.jpg
Apple iPhone 12 Pro Max 512 ГБ Серебристый,"6.7"" | 12 Мп | 6 ГБ | Single SIM",33 999 лей,31 999 лей,darwin-apple-iphone-12-pro-max-512-gb-silver-109094.jpg
Apple iPhone 12 Pro Max 512 ГБ Графитовый,"6.7"" | 12 Мп | 6 ГБ | Single SIM",33 999 лей,31 999 лей,darwin-apple-iphone-12-pro-max-512-gb-graphite-graphite-248271.jpg
Apple iPhone 12 256 ГБ Черный,"6.1"" | 12 Мп | 4 ГБ | Single SIM",18 999 лей,17 499 лей,darwin-apple-iphone-12-256-gb-black-252320.jpg
Apple iPhone 12 64 ГБ Синий,"6.1"" | 12 Мп | 4 ГБ | Single SIM",None,13 999 лей,darwin-apple-iphone-12-64-gb-blue-107550.jpg
Apple iPhone 12 64 ГБ Черный,"6.1"" | 12 Мп | 4 ГБ | Single SIM",13 999 лей,13 499 лей,darwin-apple-iphone-12-4-gb-64-gb-black-041.jpg
Apple iPhone 12 Pro 512 ГБ Золото,"6.1"" | 12 Мп | 6 ГБ | Single SIM",None,25 999 лей,darwin-apple-iphone-12-pro-512-gb-gold-108671.jpg
Apple iPhone 12 128 ГБ Зелёный,"6.1"" | 12 Мп | 4 ГБ | Single SIM",16 799 лей,14 999 лей,darwin-apple-iphone-12-4-gb-128-gb-green-083.jpg
Apple iPhone 12 256 ГБ Белый,"6.1"" | 12 Мп | 4 ГБ | Single SIM",18 999 лей,17 499 лей,darwin-apple-iphone-12-256-gb-white-76824.jpg
Apple iPhone 12 Pro Max 256 ГБ Графитовый,"6.7"" | 12 Мп | 6 ГБ | Single SIM",29 999 лей,28 499 лей,darwin-apple-iphone-12-pro-max-256-gb-graphite-249025.jpg
"Apple iPhone SE (2020) 256ГБ, Красный","iOS 4.7"" 256ГБ 12Мпкс",12 999 лей,11 999 лей,apple_iphone_se_2020_red1_1-200701051507-darwin.jpg
Apple iPhone SE 2020 64 ГБ Черный,"4.7"" | 12 Мп | 3 ГБ | Single SIM",None,9 999 лей,apple_iphone_se_2020_black1_1.jpg
Apple iPhone SE 2020 64 ГБ Белый,"4.7"" | 12 Мп | 3 ГБ | Single SIM",None,9 999 лей,apple_iphone_se_2020_white1_1-200702091404-darwin.jpg
Apple iPhone SE 2020 128 ГБ Красный,"4.7"" | 12 Мп | 3 ГБ | Single SIM",None,10 999 лей,apple_iphone_se_2020_red1_1.jpg
Apple iPhone SE 2020 128 ГБ Белый,"4.7"" | 12 Мп | 3 ГБ | Single SIM",None,10 999 лей,apple_iphone_se_2020_white1_1.jpg
Apple iPhone SE 2020 64 ГБ Красный,"4.7"" | 12 Мп | 3 ГБ | Single SIM",None,9 999 лей,apple_iphone_se_2020_red1_1.jpg
"Apple iPhone SE (2020) 256ГБ, Черный","iOS 4.7"" 256GB 12Mpx",12 999 лей,11 999 лей,apple_iphone_se_2020_black1_v6db-ku.jpg
Apple iPhone 11 Pro 512 ГБ Золото,"5.8"" | 12 Мп | 4 ГБ | Single SIM",23 499 лей,22 499 лей,darwin-apple-iphone-11-pro-512-gb-gold-248211.jpg
Apple iPhone 11 Pro 256 ГБ Золото,"5.8"" | 12 Мп | 4 ГБ | Single SIM",22 499 лей,20 499 лей,darwin-apple-iphone-11-pro-256-gb-gold-252886.jpg
Apple iPhone 11 Pro 256 ГБ Midnight Green,"5.8"" | 12 Мп | 4 ГБ | Single SIM",22 499 лей,20 499 лей,darwin-apple-iphone-11-pro-256-gb-midnight-green-252893.jpg
Apple iPhone 11 Pro 256 ГБ Серебристый,"5.8"" | 12 Мп | 4 ГБ | Single SIM",22 499 лей,20 499 лей,darwin-apple-iphone-11-pro-256-gb-silver-252898.jpg
Apple iPhone 11 Pro 512 ГБ Серебристый,"5.8"" | 12 Мп | 4 ГБ | Single SIM",23 499 лей,22 499 лей,darwin-apple-iphone-11-pro-512-gb-silver-248164.jpg
Apple iPhone 11 128 ГБ Пурпурный,"6.1"" | 12 Мп | 4 ГБ | Single SIM",12 999 лей,11 799 лей,darwin-apple-iphone-11-4-gb-128-gb-purple-040.jpg
Apple iPhone XR 128 ГБ Черный,"6.1"" | 12 Мп | 3 ГБ | Single SIM",12 999 лей,9 999 лей,apple_iphone_xr_black_2d.jpg
Apple iPhone XR 128 ГБ Красный,"6.1"" | 12 Мп | 3 ГБ | Single SIM",12 999 лей,9 999 лей,darwin-apple-iphone-xr-128-gb-red-109148.jpg
"Apple iPhone 11 Pro 512ГБ, Зеленый","iOS 5.8"" 512GB 12 + 12 + 12Mpx",23 499 лей,22 499 лей,apple_iphone_11_pro_green1d-201127101311-darwin.jpg
"Apple iPhone 11 Pro 64ГБ, Серый Космос","iOS 5.8"" 64GB 12 + 12 + 12Mpx",19 499 лей,18 999 лей,apple_iphone_11_pro_space_gray1.jpg
"Apple iPhone 11 Pro 64ГБ, Зеленый","iOS 5.8"" 64GB 12 + 12 + 12Mpx",19 499 лей,18 999 лей,apple_iphone_11_pro_green1d-201124044136-darwin.jpg
"Apple iPhone 11 Pro 64ГБ, Серебряный","iOS 5.8"" 64GB 12 + 12 + 12Mpx",19 499 лей,18 999 лей,apple_iphone_11_pro_silver1d-201124043942-darwin.jpg
"Apple iPhone 11 Pro 64ГБ, Золотой","iOS 5.8"" 64GB 12 + 12 + 12Mpx",19 499 лей,18 999 лей,apple_iphone_11_pro1d.jpg
"Apple iPhone 8 128ГБ, Серебряный","iOS 4.7"" 128GB 12Mpx",9 999 лей,8 999 лей,darwin-apple-iphone-8-128gb-silver.jpg
"Apple iPhone 8 128ГБ, Серый Космос","iOS 4.7"" 128GB 12Mpx",9 999 лей,8 999 лей,apple_iphone_8_gray1d-201124122415-darwin.jpg
Apple iPhone 11 Pro 256 ГБ Серый Космос,"5.8"" | 12 Мп | 4 ГБ | Single SIM",22 499 лей,20 499 лей,darwin-apple-iphone-11-pro-256-gb-space-gray-252904.jpg
Apple iPhone 11 256 ГБ Черный,"6.1"" | 12 Мп | 4 ГБ | Single SIM",16 999 лей,15 999 лей,darwin-apple-iphone-11-256-gb-black-359698.jpg
Apple iPhone 11 128 ГБ Красный,"6.1"" | 12 Мп | 4 ГБ | Single SIM",12 999 лей,11 799 лей,darwin-apple-iphone-11-4-gb-128-gb-red-053.jpg
Apple iPhone 11 128 ГБ Зелёный,"6.1"" | 12 Мп | 4 ГБ | Single SIM",12 999 лей,11 799 лей,darwin-apple-iphone-11-128-gb-green-5295.jpg
Apple iPhone 11 64 ГБ Желтый,"6.1"" | 12 Мп | 4 ГБ | Single SIM",10 999 лей,10 399 лей,darwin-apple-iphone-11-64-gb-yellow-96368.jpg
Apple iPhone 11 64 ГБ Пурпурный,"6.1"" | 12 Мп | 4 ГБ | Single SIM",10 999 лей,10 399 лей,darwin-apple-iphone-11-64-gb-purple-96382.jpg
Apple iPhone 11 64 ГБ Зелёный,"6.1"" | 12 Мп | 4 ГБ | Single SIM",10 999 лей,10 399 лей,darwin-apple-iphone-11-4-gb-64-gb-green-025.jpg
"Apple iPhone 7 Plus 128ГБ, Красный","iOS 5.5"" 128GB 12Mpx",None,None,darwin-apple-iphone-7-plus-128gb-red.jpg
"Apple iPhone XS Max 512ГБ, Золотой","iOS 6.5"" 512GB 12Mpx",20 999 лей,19 999 лей,apple_iphone_xs_max_gold_1d-201208111737-darwin.jpg
Apple iPhone XR 128 ГБ Белый,"6.1"" | 12 Мп | 3 ГБ | Single SIM",12 999 лей,9 999 лей,darwin-apple-iphone-xr-128-gb-white-109215.jpg
Apple iPhone XR 128 ГБ Желтый,"6.1"" | 12 Мп | 3 ГБ | Single SIM",12 999 лей,9 999 лей,iphone_xr_yellow_3.jpg
"Apple iPhone XR 64ГБ, Коралловый","iOS 6.1"" 64GB 12Mpx",11 999 лей,8 999 лей,darwin-apple-iphone-xr-64gb-coral.jpg
"Apple iPhone XS Max 512ГБ, Серый Космос","iOS 6.5"" 512GB 12Mpx",20 999 лей,19 999 лей,darwin-apple-iphone-xs-max-512gb-space-gray.jpg
"Apple iPhone 7 Plus 32ГБ, Розовое Золото","iOS 5.5"" 32GB 12Mpx",11 999 лей,9 599 лей,darwin-apple-iphone-7-plus-32gb-rose-gold.jpg
"Apple iPhone XR 256ГБ, Черный","iOS 6.1"" 256GB 12Mpx",15 499 лей,14 999 лей,apple_iphone_xr_black_1d-201208105650-darwin.jpg
"Apple iPhone XR 256ГБ, Белый","iOS 6.1"" 256GB 12Mpx",16 299 лей,14 999 лей,apple_iphone_xr_white1d-201125054406-darwin.jpg
Apple iPhone XR 64 ГБ Синий,"6.1"" | 12 Мп | 3 ГБ | Single SIM",11 999 лей,8 999 лей,darwin-apple-iphone-xr-64-gb-blue-109235.jpg
"Apple iPhone XR 128ГБ, Коралловый","iOS 6.1"" 128GB 12Mpx",12 999 лей,9 999 лей,darwin-apple-iphone-xr-128gb-coral.jpg
Apple iPhone XR 64 ГБ Красный,"6.1"" | 12 Мп | 3 ГБ | Single SIM",11 999 лей,8 999 лей,darwin-apple-iphone-xr-64-gb-red-109244.jpg
Apple iPhone XR 64 ГБ Черный,"6.1"" | 12 Мп | 3 ГБ | Single SIM",11 999 лей,8 999 лей,darwin-apple-iphone-xr-64-gb-black-109250.jpg
Apple iPhone XR 64 ГБ Белый,"6.1"" | 12 Мп | 3 ГБ | Single SIM",11 999 лей,8 999 лей,darwin-apple-iphone-xr-64-gb-white-109267.jpg
Apple iPhone XR 64 ГБ Желтый,"6.1"" | 12 Мп | 3 ГБ | Single SIM",11 999 лей,8 999 лей,iphone_xr_yellow_3-220526041209-darwin.jpg
"Apple iPhone 7 Plus 32ГБ, Серебряный","iOS 5.5"" 32GB 12Mpx",11 999 лей,9 599 лей,darwin-apple-iphone-7-plus-32gb-silver.jpg
"Apple iPhone XS Max 512ГБ, Серебряный","iOS 6.5"" 512GB 12Mpx",20 999 лей,19 999 лей,apple_iphone_xs_max_silver_1d-201207040250-darwin.jpg
"Apple iPhone 6s 128ГБ, Розовое Золото","iOS, 4.7"", Mono SIM, 128GB, 12Mpx",None,None,darwin-apple-iphone-6s-128gb-rose-gold.jpg
"Apple iPhone XS Max 64ГБ, Золотой","iOS 6.5"" 64GB 12Mpx",17 999 лей,14 999 лей,apple_iphone_xs_max_gold_1d.jpg
"Apple iPhone XS Max 64ГБ, Серебряный","iOS 6.5"" 64GB 12Mpx",17 999 лей,14 999 лей,apple_iphone_xs_max_silver_1d.jpg
"Apple iPhone XS 64ГБ, Серый Космос","iOS 5.8"" 64GB 12Mpx",15 999 лей,13 999 лей,darwin-apple-iphone-xs-64gb-space-gray.jpg
"Apple iPhone XS 64ГБ, Серебряный","iOS 5.8"" 64GB 12Mpx",15 999 лей,13 999 лей,darwin-apple-iphone-xs-64gb-silver.jpg
"Apple iPhone XS 64ГБ, Золотой","iOS 5.8"" 64GB 12Mpx",15 999 лей,13 999 лей,darwin-apple-iphone-xs-64gb-gold.jpg
"Apple iPhone XS 256ГБ, Золотой","iOS 5.8"" 256GB 12Mpx",16 999 лей,15 499 лей,darwin-apple-iphone-xs-256gb-gold.jpg
"Apple iPhone XS 256ГБ, Серебряный","iOS 5.8"" 256GB 12Mpx",16 999 лей,15 499 лей,darwin-apple-iphone-xs-256gb-silver.jpg
"Apple iPhone XS Max 256ГБ, Золотой","iOS 6.5"" 256GB 12Mpx",19 499 лей,16 999 лей,apple_iphone_xs_max_gold_1d-201208111628-darwin.jpg
"Apple iPhone XS Max 256ГБ, Серебряный","iOS 6.5"" 256GB 12Mpx",19 499 лей,16 999 лей,apple_iphone_xs_max_silver_1d-201207040229-darwin.jpg
"Apple iPhone XS Max 256ГБ, Серый Космос","iOS 6.5"" 256GB 12Mpx",19 499 лей,16 999 лей,darwin-apple-iphone-xs-max-256gb-space-gray.jpg
"Apple iPhone XS 512ГБ, Серебряный","iOS 5.8"" 512GB 12Mpx",18 499 лей,16 999 лей,darwin-apple-iphone-xs-512gb-silver.jpg
"Apple iPhone XS 512ГБ, Серый Космос","iOS 5.8"" 512GB 12Mpx",18 499 лей,16 999 лей,darwin-apple-iphone-xs-512gb-space-gray.jpg
"Apple iPhone XS 512ГБ, Золотой","iOS 5.8"" 512GB 12Mpx",18 499 лей,16 999 лей,darwin-apple-iphone-xs-512gb-gold.jpg
"Apple iPhone X 64ГБ, Серебряный","iOS 5.8"" 64GB 12Mpx",13 499 лей,12 999 лей,apple_iphone_x_64gb_silver_1.jpg
"Apple iPhone X 64ГБ, Серый Космос","iOS 5.8"" 64GB 12Mpx",13 499 лей,12 999 лей,apple_iphone_x_64gb_space_gray_1.jpg
"Apple iPhone X 256ГБ, Серебряный","iOS 5.8"" 256GB 12Mpx",14 999 лей,13 999 лей,darwin-apple-iphone-x-256gb-silver.jpg
"Apple iPhone X 256ГБ, Серый Космос","iOS 5.8"" 256GB 12Mpx",14 999 лей,13 999 лей,darwin-apple-iphone-x-256gb-space-gray.jpg
"Apple iPhone 8 256ГБ, Серый Космос",None,10 999 лей,9 999 лей,apple_iphone_8_gray1d-201124122443-darwin.jpg
"Apple iPhone 8 256ГБ, Золотой","iOS 4.7"" 256GB 12Mpx",10 999 лей,9 999 лей,darwin-apple-iphone-8-256gb-gold.jpg
"Apple iPhone 8 64ГБ, Серебряный","iOS 4.7"" 64GB 12Mpx",8 999 лей,7 999 лей,darwin-apple-iphone-8-64gb-silver.jpg
"Apple iPhone 8 64ГБ, Золотой","iOS 4.7"" 64GB 12Mpx",8 999 лей,7 999 лей,darwin-apple-iphone-8-64gb-gold.jpg
"Apple iPhone 7 Plus 32ГБ, Черный","iOS 5.5"" 32GB 12Mpx",11 499 лей,9 599 лей,darwin-apple-iphone-7-plus-32gb-black.jpg
"Apple iPhone 7 Plus 128ГБ, Черный","iOS 5.5"" 128GB 12Mpx",11 699 лей,11 199 лей,darwin-apple-iphone-7-plus-128gb-black.jpg
"Apple iPhone 6s 32ГБ, Серебряный","iOS, 4.7"", Mono SIM, 32GB, 12Mpx",None,None,darwin-apple-iphone-6s-32gb-silver.jpg
"Apple iPhone 6s 32ГБ, Серый Космос","iOS, 4.7"", Mono SIM, 32GB, 12Mpx",None,None,darwin-apple-iphone-6s-32gb-space-gray.jpg
"Apple iPhone 6s 32ГБ, Розовое Золото","iOS, 4.7"", Mono SIM, 32GB, 12Mpx",None,None,darwin-apple-iphone-6s-32gb-rose-gold.jpg
"Apple iPhone 6s 32ГБ, Золотой","iOS, 4.7"", Mono SIM, 32GB, 12Mpx",None,None,darwin-apple-iphone-6s-32gb-gold.jpg
"Apple iPhone 7 Plus 128ГБ, Розовое Золото","iOS 5.5"" 128GB 12Mpx",None,None,darwin-apple-iphone-7-plus-128gb-rose-gold.jpg
"Apple iPhone 7 32ГБ, Серебряный","iOS 4.7"" 32GB 12Mpx",5 999 лей,3 999 лей,apple_iphone_7_silver1d.jpg
"Apple iPhone 7 128ГБ, Серебряный","iOS 4.7"" 128GB 12Mpx",6 999 лей,4 499 лей,darwin-apple-iphone-7-128gb-silver.jpg
"Apple iPhone 7 Plus 32ГБ, Золотой","iOS 5.5"" 32GB 12Mpx",None,None,darwin-apple-iphone-7-plus-32gb-gold.jpg
